origin,time,displaced_population
abw,2010,1
afg,1979,500000
afg,1980,1734921
afg,1981,3879984
afg,1982,4488754
afg,1983,4713165
afg,1984,4418871
afg,1985,4654343
afg,1986,5095453
afg,1987,5511740
afg,1988,5623642
afg,1989,5644909
afg,1990,6360675
afg,1991,6484571
afg,1992,6129086
afg,1993,3391455
afg,1994,3392696
afg,1995,3187076
afg,1996,3106791
afg,1997,3063969
afg,1998,3102133
afg,1999,3213347
afg,2000,4778785
afg,2001,5166652
afg,2002,6013458
afg,2003,3174558
afg,2004,3598240
afg,2005,3192177
afg,2006,2750538
afg,2007,3609746
afg,2008,3374020
afg,2009,3280950
afg,2010,4404457
afg,2011,4250315
afg,2012,4132670
afg,2013,3600396
afg,2014,3713242
afg,2015,4434901
afg,2016,5166125
afg,2017,5336545
afg,2018,5677825
ago,1960,150000
ago,1961,150000
ago,1962,170000
ago,1963,175000
ago,1964,200000
ago,1965,220000
ago,1966,304900
ago,1967,356200
ago,1968,381460
ago,1969,408420
ago,1970,414120
ago,1971,420340
ago,1972,421500
ago,1973,426550
ago,1974,497390
ago,1975,501830
ago,1976,499190
ago,1977,529830
ago,1978,679640
ago,1979,704330
ago,1980,649140
ago,1981,457060
ago,1982,479261
ago,1983,298110
ago,1984,359691
ago,1985,318022
ago,1986,355742
ago,1987,392153
ago,1988,408906
ago,1989,414922
ago,1990,414760
ago,1991,416916
ago,1992,385273
ago,1993,413150
ago,1994,586426
ago,1995,259983
ago,1996,250236
ago,1997,321704
ago,1998,341229
ago,1999,373430
ago,2000,705464
ago,2001,695608
ago,2002,739247
ago,2003,474278
ago,2004,328645
ago,2005,277950
ago,2006,255099
ago,2007,198970
ago,2008,185186
ago,2009,158649
ago,2010,136078
ago,2011,133414
ago,2012,136546
ago,2013,110198
ago,2014,89743
ago,2015,54755
ago,2016,33135
ago,2017,33816
ago,2018,35127
aia,2014,1
aia,2015,1
aia,2016,1
alb,1964,100
alb,1965,4860
alb,1966,4860
alb,1967,4260
alb,1968,4120
alb,1969,4290
alb,1970,4310
alb,1971,390
alb,1972,2300
alb,1973,2090
alb,1974,380
alb,1975,380
alb,1977,2000
alb,1978,1980
alb,1979,1610
alb,1980,1681
alb,1981,1680
alb,1982,1645
alb,1983,1610
alb,1984,1576
alb,1985,1587
alb,1986,90
alb,1987,129
alb,1988,358
alb,1989,367
alb,1990,1822
alb,1991,3760
alb,1992,4585
alb,1993,4744
alb,1994,5023
alb,1995,5803
alb,1996,5787
alb,1997,5379
alb,1998,5353
alb,1999,6288
alb,2000,9620
alb,2001,11604
alb,2002,15756
alb,2003,14920
alb,2004,13806
alb,2005,15301
alb,2006,16368
alb,2007,16982
alb,2008,16828
alb,2009,17303
alb,2010,16166
alb,2011,16367
alb,2012,17069
alb,2013,20881
alb,2014,25370
alb,2015,52571
alb,2016,34853
alb,2017,30920
alb,2018,34573
and,1994,2
and,1995,2
and,1996,3
and,1997,1
and,1998,2
and,1999,3
and,2000,3
and,2001,8
and,2002,13
and,2003,13
and,2004,7
and,2005,12
and,2006,11
and,2007,12
and,2008,9
and,2009,8
and,2010,8
and,2011,6
and,2012,7
and,2013,5
and,2014,7
and,2015,9
and,2016,6
are,1997,4
are,1998,7
are,1999,7
are,2000,25
are,2001,49
are,2002,69
are,2003,45
are,2004,82
are,2005,46
are,2006,277
are,2007,318
are,2008,267
are,2009,440
are,2010,453
are,2011,500
are,2012,608
are,2013,156
are,2014,170
are,2015,204
are,2016,277
are,2017,322
are,2018,426
arg,1980,38
arg,1981,38
arg,1982,1019
arg,1983,192
arg,1984,2272
arg,1985,101
arg,1986,52
arg,1987,47
arg,1988,46
arg,1989,103
arg,1990,334
arg,1991,198
arg,1992,113
arg,1993,103
arg,1994,471
arg,1995,338
arg,1996,217
arg,1997,159
arg,1998,143
arg,1999,586
arg,2000,2172
arg,2001,2112
arg,2002,2104
arg,2003,1919
arg,2004,1307
arg,2005,1148
arg,2006,1073
arg,2007,1292
arg,2008,1191
arg,2009,765
arg,2010,647
arg,2011,578
arg,2012,495
arg,2013,472
arg,2014,435
arg,2015,364
arg,2016,342
arg,2017,463
arg,2018,576
arm,1964,170
arm,1968,200
arm,1969,200
arm,1970,200
arm,1971,4070
arm,1972,3500
arm,1977,440
arm,1978,420
arm,1979,700
arm,1980,333
arm,1981,333
arm,1982,733
arm,1983,333
arm,1984,333
arm,1985,333
arm,1986,528
arm,1987,208
arm,1988,301
arm,1989,1
arm,1990,1
arm,1991,1
arm,1992,195003
arm,1993,277116
arm,1994,273842
arm,1995,273443
arm,1996,275245
arm,1997,275690
arm,1998,193581
arm,1999,193231
arm,2000,11014
arm,2001,13286
arm,2002,18918
arm,2003,18129
arm,2004,17459
arm,2005,18317
arm,2006,20319
arm,2007,19419
arm,2008,20105
arm,2009,104312
arm,2010,103023
arm,2011,102082
arm,2012,18825
arm,2013,17378
arm,2014,18809
arm,2015,19730
arm,2016,23831
arm,2017,25681
arm,2018,24690
asm,2016,3
atg,1997,1
atg,1998,2
atg,1999,2
atg,2000,9
atg,2001,13
atg,2002,46
atg,2003,31
atg,2004,28
atg,2005,24
atg,2006,28
atg,2007,25
atg,2008,52
atg,2009,70
atg,2010,61
atg,2011,65
atg,2012,79
atg,2013,78
atg,2014,70
atg,2015,68
atg,2016,115
atg,2017,148
atg,2018,146
aus,1994,2
aus,1995,1
aus,1996,1
aus,1997,2
aus,1998,1
aus,1999,3
aus,2000,7
aus,2001,12
aus,2002,25
aus,2003,22
aus,2004,25
aus,2005,48
aus,2006,36
aus,2007,64
aus,2008,53
aus,2009,39
aus,2010,47
aus,2011,47
aus,2012,57
aus,2013,40
aus,2014,32
aus,2015,25
aus,2016,29
aus,2017,12
aus,2018,18
aut,1994,60
aut,1995,49
aut,1996,52
aut,1997,55
aut,1998,60
aut,1999,48
aut,2000,39
aut,2001,33
aut,2002,84
aut,2003,77
aut,2004,52
aut,2005,70
aut,2006,50
aut,2007,29
aut,2008,16
aut,2009,14
aut,2010,13
aut,2011,13
aut,2012,18
aut,2013,19
aut,2014,14
aut,2015,8
aut,2016,12
aut,2017,27
aut,2018,14
aze,1992,300000
aze,1993,1106005
aze,1994,991195
aze,1995,861620
aze,1996,785127
aze,1997,786027
aze,1998,906596
aze,1999,880719
aze,2000,862040
aze,2001,847477
aze,2002,842392
aze,2003,833494
aze,2004,833085
aze,2005,816346
aze,2006,815753
aze,2007,704404
aze,2008,621442
aze,2009,605423
aze,2010,611685
aze,2011,617547
aze,2012,618066
aze,2013,623466
aze,2014,637992
aze,2015,633160
aze,2016,631339
aze,2017,633212
aze,2018,640945
bdi,1965,4000
bdi,1966,250
bdi,1972,129000
bdi,1973,131895
bdi,1974,120880
bdi,1975,141940
bdi,1976,152320
bdi,1977,153550
bdi,1978,148580
bdi,1979,151680
bdi,1980,170082
bdi,1981,183002
bdi,1982,176272
bdi,1983,176682
bdi,1984,182962
bdi,1985,199812
bdi,1986,210621
bdi,1987,186911
bdi,1988,243154
bdi,1989,191523
bdi,1990,191942
bdi,1991,230526
bdi,1992,232385
bdi,1993,877737
bdi,1994,750694
bdi,1995,572822
bdi,1996,1419642
bdi,1997,1196019
bdi,1998,626358
bdi,1999,594692
bdi,2000,634567
bdi,2001,647812
bdi,2002,735289
bdi,2003,624077
bdi,2004,584803
bdi,2005,526722
bdi,2006,464062
bdi,2007,422601
bdi,2008,483626
bdi,2009,231465
bdi,2010,253508
bdi,2011,356476
bdi,2012,363575
bdi,2013,330379
bdi,2014,335068
bdi,2015,509805
bdi,2016,741889
bdi,2017,791793
bdi,2018,532757
bel,1994,2
bel,1995,3
bel,1996,5
bel,1997,10
bel,1998,14
bel,1999,16
bel,2000,40
bel,2001,35
bel,2002,51
bel,2003,53
bel,2004,68
bel,2005,117
bel,2006,99
bel,2007,69
bel,2008,89
bel,2009,97
bel,2010,92
bel,2011,94
bel,2012,109
bel,2013,109
bel,2014,98
bel,2015,101
bel,2016,67
bel,2017,85
bel,2018,126
ben,1976,100
ben,1978,200
ben,1979,200
ben,1986,50
ben,1987,50
ben,1988,50
ben,1989,62
ben,1990,2
ben,1991,4
ben,1992,4
ben,1993,69
ben,1994,78
ben,1995,54
ben,1996,46
ben,1997,46
ben,1998,56
ben,1999,52
ben,2000,206
ben,2001,238
ben,2002,463
ben,2003,542
ben,2004,524
ben,2005,683
ben,2006,375
ben,2007,440
ben,2008,505
ben,2009,608
ben,2010,677
ben,2011,735
ben,2012,899
ben,2013,820
ben,2014,1061
ben,2015,1583
ben,2016,1670
ben,2017,1689
ben,2018,1676
bfa,1984,50
bfa,1985,90
bfa,1986,110
bfa,1987,50
bfa,1989,2
bfa,1990,2
bfa,1991,8
bfa,1992,61
bfa,1993,63
bfa,1994,72
bfa,1995,63
bfa,1996,72
bfa,1997,118
bfa,1998,105
bfa,1999,107
bfa,2000,380
bfa,2001,341
bfa,2002,1157
bfa,2003,1011
bfa,2004,689
bfa,2005,818
bfa,2006,580
bfa,2007,822
bfa,2008,1042
bfa,2009,1367
bfa,2010,1650
bfa,2011,1621
bfa,2012,1980
bfa,2013,2529
bfa,2014,3450
bfa,2015,4851
bfa,2016,6569
bfa,2017,10567
bfa,2018,63369
bgd,1987,2
bgd,1988,6
bgd,1989,6
bgd,1990,477
bgd,1991,611
bgd,1992,53921
bgd,1993,57158
bgd,1994,56199
bgd,1995,56957
bgd,1996,57962
bgd,1997,60912
bgd,1998,18078
bgd,1999,4468
bgd,2000,8723
bgd,2001,8997
bgd,2002,10636
bgd,2003,13836
bgd,2004,15077
bgd,2005,17471
bgd,2006,11825
bgd,2007,17578
bgd,2008,16810
bgd,2009,12260
bgd,2010,16559
bgd,2011,15308
bgd,2012,18345
bgd,2013,32603
bgd,2014,32977
bgd,2015,42749
bgd,2016,39796
bgd,2017,84882
bgd,2018,79812
bgr,1969,90
bgr,1970,320
bgr,1971,340
bgr,1972,340
bgr,1973,340
bgr,1974,300
bgr,1975,300
bgr,1978,290
bgr,1980,329
bgr,1981,274
bgr,1982,257
bgr,1983,227
bgr,1984,183
bgr,1985,190
bgr,1986,160
bgr,1987,138
bgr,1988,898
bgr,1989,869
bgr,1990,1922
bgr,1991,2735
bgr,1992,2981
bgr,1993,3155
bgr,1994,4689
bgr,1995,4156
bgr,1996,3246
bgr,1997,3048
bgr,1998,3122
bgr,1999,2653
bgr,2000,3712
bgr,2001,3630
bgr,2002,4587
bgr,2003,3946
bgr,2004,3452
bgr,2005,5471
bgr,2006,4270
bgr,2007,3725
bgr,2008,3340
bgr,2009,3182
bgr,2010,2687
bgr,2011,2507
bgr,2012,2291
bgr,2013,2059
bgr,2014,1841
bgr,2015,1476
bgr,2016,1066
bgr,2017,1024
bgr,2018,965
bhr,1990,39
bhr,1991,52
bhr,1992,53
bhr,1993,60
bhr,1994,75
bhr,1995,71
bhr,1996,63
bhr,1997,82
bhr,1998,97
bhr,1999,129
bhr,2000,150
bhr,2001,75
bhr,2002,64
bhr,2003,64
bhr,2004,74
bhr,2005,68
bhr,2006,82
bhr,2007,91
bhr,2008,93
bhr,2009,83
bhr,2010,113
bhr,2011,291
bhr,2012,407
bhr,2013,373
bhr,2014,455
bhr,2015,511
bhr,2016,557
bhr,2017,664
bhr,2018,665
bhs,1998,1
bhs,1999,1
bhs,2000,11
bhs,2001,24
bhs,2002,162
bhs,2003,19
bhs,2004,21
bhs,2005,19
bhs,2006,33
bhs,2007,39
bhs,2008,40
bhs,2009,47
bhs,2010,47
bhs,2011,222
bhs,2012,234
bhs,2013,237
bhs,2014,257
bhs,2015,297
bhs,2016,420
bhs,2017,607
bhs,2018,792
bih,1992,447801
bih,1993,1908428
bih,1994,2058783
bih,1995,1868368
bih,1996,1854632
bih,1997,1844453
bih,1998,1635148
bih,1999,1482906
bih,2000,1105602
bih,2001,988600
bih,2002,892355
bih,2003,683704
bih,2004,559635
bih,2005,300929
bih,2006,342736
bih,2007,217971
bih,2008,252236
bih,2009,236863
bih,2010,231790
bih,2011,228381
bih,2012,222688
bih,2013,189751
bih,2014,165785
bih,2015,176576
bih,2016,172078
bih,2017,167020
bih,2018,164276
blr,1993,2
blr,1994,37
blr,1995,84
blr,1996,501
blr,1997,303
blr,1998,290
blr,1999,1507
blr,2000,3291
blr,2001,4830
blr,2002,8441
blr,2003,9913
blr,2004,9641
blr,2005,10288
blr,2006,11080
blr,2007,6177
blr,2008,6463
blr,2009,6506
blr,2010,6482
blr,2011,6839
blr,2012,7214
blr,2013,5277
blr,2014,5286
blr,2015,5603
blr,2016,5780
blr,2017,6503
blr,2018,6791
blz,1994,8
blz,1995,8
blz,1996,3
blz,1999,11
blz,2000,28
blz,2001,28
blz,2002,36
blz,2003,37
blz,2004,32
blz,2005,32
blz,2006,33
blz,2007,32
blz,2008,39
blz,2009,36
blz,2010,33
blz,2011,50
blz,2012,47
blz,2013,95
blz,2014,129
blz,2015,206
blz,2016,217
blz,2017,266
blz,2018,280
bmu,1998,1
bmu,1999,1
bmu,2000,1
bmu,2001,1
bmu,2002,1
bmu,2003,2
bmu,2004,1
bmu,2005,5
bmu,2006,2
bmu,2010,1
bmu,2011,5
bmu,2012,4
bmu,2013,1
bmu,2016,2
bol,1970,1400
bol,1971,2930
bol,1972,1730
bol,1974,1650
bol,1975,90
bol,1976,60
bol,1980,170
bol,1981,101
bol,1982,741
bol,1983,1851
bol,1984,1
bol,1985,1
bol,1986,1
bol,1987,1
bol,1988,2
bol,1989,28
bol,1990,731
bol,1991,67
bol,1992,28
bol,1993,41
bol,1994,178
bol,1995,180
bol,1996,177
bol,1997,161
bol,1998,183
bol,1999,174
bol,2000,300
bol,2001,316
bol,2002,709
bol,2003,754
bol,2004,671
bol,2005,622
bol,2006,803
bol,2007,851
bol,2008,615
bol,2009,738
bol,2010,727
bol,2011,764
bol,2012,785
bol,2013,815
bol,2014,871
bol,2015,921
bol,2016,959
bol,2017,1361
bol,2018,1488
bra,1971,2000
bra,1972,2000
bra,1980,5
bra,1981,5
bra,1982,5
bra,1983,5
bra,1984,5
bra,1985,5
bra,1986,3
bra,1987,1
bra,1988,1
bra,1989,6
bra,1990,14
bra,1991,11
bra,1992,11
bra,1993,12
bra,1994,44
bra,1995,59
bra,1996,85
bra,1997,104
bra,1998,136
bra,1999,196
bra,2000,874
bra,2001,1052
bra,2002,1588
bra,2003,1645
bra,2004,1420
bra,2005,963
bra,2006,1140
bra,2007,1936
bra,2008,1773
bra,2009,1347
bra,2010,1244
bra,2011,1246
bra,2012,1327
bra,2013,1554
bra,2014,2182
bra,2015,3054
bra,2016,4585
bra,2017,7621
bra,2018,9565
brb,1994,4
brb,1995,3
brb,1996,2
brb,1997,3
brb,1998,5
brb,1999,4
brb,2000,18
brb,2001,31
brb,2002,70
brb,2003,56
brb,2004,22
brb,2005,29
brb,2006,66
brb,2007,70
brb,2008,83
brb,2009,95
brb,2010,95
brb,2011,120
brb,2012,114
brb,2013,115
brb,2014,106
brb,2015,124
brb,2016,193
brb,2017,241
brb,2018,292
brn,1995,3
brn,1996,5
brn,2002,2
brn,2003,1
brn,2004,1
brn,2005,49
brn,2006,2
brn,2007,2
brn,2008,1
brn,2009,1
brn,2010,2
brn,2011,2
brn,2012,1
brn,2013,1
brn,2014,2
brn,2015,5
brn,2016,5
brn,2017,10
btn,1991,9504
btn,1992,75442
btn,1993,85336
btn,1994,103272
btn,1995,104750
btn,1996,106822
btn,1997,108703
btn,1998,105689
btn,1999,107619
btn,2000,108989
btn,2001,110913
btn,2002,112578
btn,2003,114222
btn,2004,115740
btn,2005,117647
btn,2006,119530
btn,2007,112241
btn,2008,106056
btn,2009,90078
btn,2010,76092
btn,2011,59009
btn,2012,41693
btn,2013,31734
btn,2014,23834
btn,2015,17947
btn,2016,12043
btn,2017,8326
btn,2018,7461
bwa,1989,3
bwa,1990,3
bwa,1991,3
bwa,1992,3
bwa,1993,4
bwa,1994,21
bwa,1995,25
bwa,1996,23
bwa,1997,17
bwa,1998,16
bwa,1999,10
bwa,2000,8
bwa,2001,8
bwa,2002,16
bwa,2003,23
bwa,2004,13
bwa,2005,15
bwa,2006,43
bwa,2007,72
bwa,2008,179
bwa,2009,227
bwa,2010,241
bwa,2011,260
bwa,2012,255
bwa,2013,275
bwa,2014,304
bwa,2015,376
bwa,2016,399
bwa,2017,365
bwa,2018,363
caf,1982,15000
caf,1986,230
caf,1987,160
caf,1988,170
caf,1989,310
caf,1990,100
caf,1991,320
caf,1992,325
caf,1993,339
caf,1994,279
caf,1995,243
caf,1996,241
caf,1997,149
caf,1998,174
caf,1999,197
caf,2000,255
caf,2001,29059
caf,2002,26053
caf,2003,41091
caf,2004,32725
caf,2005,44807
caf,2006,220848
caf,2007,301458
caf,2008,323357
caf,2009,357477
caf,2010,358999
caf,2011,345395
caf,2012,255902
caf,2013,1154764
caf,2014,1490913
caf,2015,998858
caf,2016,968695
caf,2017,1436264
caf,2018,1612202
can,1991,4
can,1992,4
can,1993,4
can,1994,4
can,1995,4
can,1996,8
can,1997,11
can,1998,15
can,1999,18
can,2000,33
can,2001,17
can,2002,71
can,2003,85
can,2004,76
can,2005,158
can,2006,140
can,2007,590
can,2008,162
can,2009,110
can,2010,95
can,2011,117
can,2012,134
can,2013,135
can,2014,168
can,2015,427
can,2016,151
can,2017,132
can,2018,135
che,1994,8
che,1995,27
che,1996,33
che,1997,55
che,1998,77
che,1999,91
che,2000,71
che,2001,62
che,2002,61
che,2003,37
che,2004,13
che,2005,18
che,2006,38
che,2007,35
che,2008,38
che,2009,23
che,2010,20
che,2011,22
che,2012,22
che,2013,15
che,2014,21
che,2015,21
che,2016,19
che,2017,12
che,2018,13
chl,1974,13550
chl,1975,15350
chl,1976,2670
chl,1977,3000
chl,1978,3130
chl,1979,3130
chl,1980,1505
chl,1981,1885
chl,1982,2613
chl,1983,1794
chl,1984,1662
chl,1985,2421
chl,1986,2504
chl,1987,1966
chl,1988,608
chl,1989,1201
chl,1990,14838
chl,1991,14237
chl,1992,14330
chl,1993,17056
chl,1994,17421
chl,1995,14917
chl,1996,12840
chl,1997,9776
chl,1998,7030
chl,1999,1550
chl,2000,1033
chl,2001,1044
chl,2002,2224
chl,2003,1871
chl,2004,1395
chl,2005,1030
chl,2006,885
chl,2007,1101
chl,2008,1118
chl,2009,1492
chl,2010,1344
chl,2011,1313
chl,2012,1222
chl,2013,666
chl,2014,682
chl,2015,716
chl,2016,703
chl,2017,837
chl,2018,985
chn,1964,1200000
chn,1965,1330000
chn,1966,1326810
chn,1967,74000
chn,1968,70000
chn,1969,65000
chn,1970,66000
chn,1971,70000
chn,1972,75000
chn,1980,24
chn,1981,24
chn,1982,104
chn,1983,24
chn,1984,24
chn,1985,124
chn,1986,154
chn,1987,24
chn,1988,265
chn,1989,413
chn,1990,2806
chn,1991,2011
chn,1992,85036
chn,1993,111517
chn,1994,113907
chn,1995,104693
chn,1996,105815
chn,1997,106738
chn,1998,109405
chn,1999,111952
chn,2000,128161
chn,2001,137204
chn,2002,157337
chn,2003,153664
chn,2004,154447
chn,2005,143495
chn,2006,157892
chn,2007,164632
chn,2008,194801
chn,2009,198895
chn,2010,192348
chn,2011,201746
chn,2012,208819
chn,2013,219944
chn,2014,258562
chn,2015,270621
chn,2016,279918
chn,2017,297181
chn,2018,306358
civ,1987,1
civ,1988,1
civ,1989,1
civ,1990,2
civ,1991,13
civ,1992,34
civ,1993,41
civ,1994,98
civ,1995,201
civ,1996,268
civ,1997,360
civ,1998,537
civ,1999,564
civ,2000,1460
civ,2001,1655
civ,2002,125439
civ,2003,91589
civ,2004,74053
civ,2005,62735
civ,2006,742081
civ,2007,738914
civ,2008,737792
civ,2009,714476
civ,2010,584979
civ,2011,902670
civ,2012,326113
civ,2013,161688
civ,2014,121858
civ,2015,405821
civ,2016,85003
civ,2017,74815
civ,2018,63934
cmr,1989,60
cmr,1990,100
cmr,1991,1
cmr,1992,84
cmr,1993,174
cmr,1994,239
cmr,1995,2022
cmr,1996,2109
cmr,1997,2259
cmr,1998,1356
cmr,1999,1654
cmr,2000,3560
cmr,2001,4892
cmr,2002,8074
cmr,2003,9568
cmr,2004,11369
cmr,2005,13961
cmr,2006,13771
cmr,2007,14502
cmr,2008,16803
cmr,2009,17024
cmr,2010,17065
cmr,2011,17664
cmr,2012,16791
cmr,2013,15670
cmr,2014,16292
cmr,2015,129278
cmr,2016,238565
cmr,2017,290971
cmr,2018,799851
cod,1964,58700
cod,1965,47000
cod,1966,74800
cod,1967,81890
cod,1968,76330
cod,1969,56430
cod,1970,51720
cod,1971,52260
cod,1972,44620
cod,1973,43690
cod,1974,39820
cod,1975,39410
cod,1976,44070
cod,1977,265410
cod,1978,292080
cod,1979,153360
cod,1980,117750
cod,1981,119370
cod,1982,92455
cod,1983,106231
cod,1984,102352
cod,1985,88948
cod,1986,99679
cod,1987,70368
cod,1988,103587
cod,1989,103996
cod,1990,67503
cod,1991,65816
cod,1992,96530
cod,1993,74950
cod,1994,73797
cod,1995,92520
cod,1996,160609
cod,1997,219110
cod,1998,225329
cod,1999,273520
cod,2000,408610
cod,2001,425008
cod,2002,487935
cod,2003,508592
cod,2004,526956
cod,2005,525941
cod,2006,2037662
cod,2007,2784383
cod,2008,1918418
cod,2009,2662810
cod,2010,2718550
cod,2011,3097186
cod,2012,3613559
cod,2013,4192444
cod,2014,4039313
cod,2015,2927949
cod,2016,3495239
cod,2017,5374504
cod,2018,5388028
cog,1965,29000
cog,1966,17200
cog,1967,2710
cog,1968,6000
cog,1969,11420
cog,1970,3770
cog,1975,110
cog,1980,6
cog,1981,6
cog,1982,6
cog,1983,6
cog,1984,6
cog,1985,6
cog,1986,6
cog,1990,2
cog,1991,4
cog,1992,7
cog,1993,11
cog,1994,38
cog,1995,177
cog,1996,222
cog,1997,33323
cog,1998,42416
cog,1999,79554
cog,2000,37465
cog,2001,29164
cog,2002,35648
cog,2003,37714
cog,2004,36338
cog,2005,32958
cog,2006,34488
cog,2007,25970
cog,2008,25072
cog,2009,23834
cog,2010,23793
cog,2011,24209
cog,2012,15009
cog,2013,15088
cog,2014,18076
cog,2015,18972
cog,2016,33057
cog,2017,134236
cog,2018,163109
cok,2009,1
cok,2010,2
cok,2011,1
cok,2012,1
cok,2013,1
cok,2014,1
cok,2015,1
cok,2016,1
col,1981,50
col,1982,100
col,1985,60
col,1986,50
col,1987,50
col,1988,35
col,1989,66
col,1990,494
col,1991,740
col,1992,914
col,1993,1049
col,1994,1380
col,1995,1906
col,1996,2175
col,1997,2377
col,1998,3540
col,1999,5662
col,2000,539601
col,2001,753570
col,2002,1052657
col,2003,1331600
col,2004,2095328
col,2005,2540109
col,2006,3561757
col,2007,3594859
col,2008,3426198
col,2009,3758127
col,2010,4128020
col,2011,4326869
col,2012,4356277
col,2013,5780516
col,2014,6409190
col,2015,7287877
col,2016,7734658
col,2017,7901875
col,2018,8024596
com,1989,5
com,1990,4
com,1991,2
com,1992,2
com,1993,2
com,1994,5
com,1995,10
com,1996,13
com,1997,10
com,1998,33
com,1999,31
com,2000,122
com,2001,106
com,2002,80
com,2003,106
com,2004,571
com,2005,577
com,2006,84
com,2007,139
com,2008,418
com,2009,281
com,2010,381
com,2011,455
com,2012,503
com,2013,840
com,2014,930
com,2015,784
com,2016,816
com,2017,902
com,2018,1091
cpv,1966,300
cpv,1967,300
cpv,1968,430
cpv,1969,400
cpv,1970,400
cpv,1992,1
cpv,1993,1
cpv,1994,1
cpv,1995,1
cpv,1996,2
cpv,1997,2
cpv,1998,1
cpv,1999,2
cpv,2000,16
cpv,2001,24
cpv,2002,21
cpv,2003,19
cpv,2004,19
cpv,2005,19
cpv,2006,50
cpv,2007,39
cpv,2008,37
cpv,2009,31
cpv,2010,37
cpv,2011,36
cpv,2012,38
cpv,2013,50
cpv,2014,69
cpv,2015,130
cpv,2016,116
cpv,2017,183
cpv,2018,201
cri,1991,1
cri,1992,5
cri,1993,7
cri,1994,223
cri,1995,211
cri,1996,139
cri,1997,90
cri,1998,54
cri,1999,76
cri,2000,283
cri,2001,757
cri,2002,1828
cri,2003,1562
cri,2004,489
cri,2005,311
cri,2006,359
cri,2007,427
cri,2008,420
cri,2009,423
cri,2010,428
cri,2011,371
cri,2012,352
cri,2013,924
cri,2014,544
cri,2015,597
cri,2016,516
cri,2017,676
cri,2018,732
cub,1969,14500
cub,1970,16700
cub,1971,54500
cub,1972,17070
cub,1974,1600
cub,1979,3560
cub,1980,1693
cub,1981,2703
cub,1982,653
cub,1983,924
cub,1984,1356
cub,1985,1876
cub,1986,686
cub,1987,836
cub,1988,3874
cub,1989,7682
cub,1990,13953
cub,1991,17695
cub,1992,21273
cub,1993,22406
cub,1994,23321
cub,1995,24855
cub,1996,25525
cub,1997,24913
cub,1998,23563
cub,1999,23328
cub,2000,23553
cub,2001,22493
cub,2002,20734
cub,2003,18307
cub,2004,17671
cub,2005,20684
cub,2006,34923
cub,2007,8596
cub,2008,8820
cub,2009,9776
cub,2010,11881
cub,2011,8787
cub,2012,8572
cub,2013,8587
cub,2014,9470
cub,2015,9272
cub,2016,10975
cub,2017,18560
cub,2018,32033
cym,2002,1
cym,2003,1
cym,2004,1
cym,2005,1
cym,2006,1
cym,2010,1
cym,2011,3
cym,2012,1
cym,2013,6
cym,2014,6
cym,2015,6
cym,2016,7
cym,2017,6
cym,2018,6
cyp,1977,700
cyp,1988,11
cyp,1989,11
cyp,1990,11
cyp,1993,265000
cyp,1994,265007
cyp,1995,265009
cyp,1996,265010
cyp,1997,265008
cyp,1998,265011
cyp,1999,406
cyp,2000,18
cyp,2001,18
cyp,2002,28
cyp,2003,13
cyp,2004,6
cyp,2005,9
cyp,2006,6
cyp,2007,11
cyp,2008,12
cyp,2009,13
cyp,2010,16
cyp,2011,13
cyp,2012,14
cyp,2013,12
cyp,2014,13
cyp,2015,11
cyp,2016,11
cyp,2017,20
cyp,2018,19
cze,1970,70
cze,1971,70
cze,1972,70
cze,1973,60
cze,1974,50
cze,1975,50
cze,1980,393
cze,1981,389
cze,1982,494
cze,1983,421
cze,1984,456
cze,1985,981
cze,1986,411
cze,1987,385
cze,1988,5649
cze,1989,5790
cze,1990,6123
cze,1991,4491
cze,1992,3327
cze,1993,5015
cze,1994,4648
cze,1995,2039
cze,1996,981
cze,1997,698
cze,1998,1934
cze,1999,1243
cze,2000,989
cze,2001,1390
cze,2002,7175
cze,2003,7056
cze,2004,4700
cze,2005,3792
cze,2006,2316
cze,2007,1522
cze,2008,2148
cze,2009,3166
cze,2010,1977
cze,2011,1425
cze,2012,831
cze,2013,1109
cze,2014,1431
cze,2015,1413
cze,2016,1511
cze,2017,1576
cze,2018,1443
deu,1991,4
deu,1992,4
deu,1993,8
deu,1994,449
deu,1995,386
deu,1996,420
deu,1997,443
deu,1998,688
deu,1999,1298
deu,2000,1238
deu,2001,1087
deu,2002,1001
deu,2003,788
deu,2004,141
deu,2005,141
deu,2006,197
deu,2007,196
deu,2008,269
deu,2009,257
deu,2010,200
deu,2011,206
deu,2012,208
deu,2013,256
deu,2014,268
deu,2015,256
deu,2016,206
deu,2017,229
deu,2018,229
dji,1990,5
dji,1991,10
dji,1992,11
dji,1993,38
dji,1994,18068
dji,1995,18095
dji,1996,18101
dji,1997,8142
dji,1998,3219
dji,1999,1879
dji,2000,2059
dji,2001,1092
dji,2002,586
dji,2003,593
dji,2004,535
dji,2005,722
dji,2006,598
dji,2007,680
dji,2008,716
dji,2009,784
dji,2010,798
dji,2011,889
dji,2012,952
dji,2013,1169
dji,2014,1309
dji,2015,1618
dji,2016,2282
dji,2017,3019
dji,2018,3207
dma,1996,1
dma,1997,1
dma,1998,1
dma,1999,3
dma,2000,18
dma,2001,32
dma,2002,55
dma,2003,46
dma,2004,44
dma,2005,76
dma,2006,67
dma,2007,67
dma,2008,79
dma,2009,75
dma,2010,70
dma,2011,62
dma,2012,66
dma,2013,62
dma,2014,55
dma,2015,125
dma,2016,147
dma,2017,83
dma,2018,92
dnk,1994,11
dnk,1995,18
dnk,1996,34
dnk,1997,33
dnk,1998,28
dnk,1999,25
dnk,2000,29
dnk,2001,4
dnk,2002,17
dnk,2003,16
dnk,2004,16
dnk,2005,19
dnk,2006,19
dnk,2007,16
dnk,2008,18
dnk,2009,11
dnk,2010,13
dnk,2011,12
dnk,2012,10
dnk,2013,18
dnk,2014,20
dnk,2015,20
dnk,2016,10
dnk,2017,16
dnk,2018,37
dom,1978,50
dom,1980,1
dom,1981,1
dom,1982,1
dom,1983,1
dom,1984,1
dom,1985,1
dom,1986,1
dom,1993,1
dom,1994,29
dom,1995,30
dom,1996,29
dom,1997,47
dom,1998,42
dom,1999,45
dom,2000,97
dom,2001,172
dom,2002,227
dom,2003,217
dom,2004,246
dom,2005,146
dom,2006,273
dom,2007,493
dom,2008,588
dom,2009,637
dom,2010,642
dom,2011,603
dom,2012,647
dom,2013,1156
dom,2014,1497
dom,2015,2092
dom,2016,2711
dom,2017,3567
dom,2018,3862
dza,1980,2
dza,1981,3
dza,1982,3
dza,1983,3
dza,1984,3
dza,1985,3
dza,1986,1
dza,1987,1
dza,1988,5
dza,1989,6
dza,1990,19
dza,1991,55
dza,1992,71
dza,1993,87
dza,1994,20743
dza,1995,1520
dza,1996,2317
dza,1997,3418
dza,1998,5738
dza,1999,7152
dza,2000,10367
dza,2001,11171
dza,2002,14487
dza,2003,13603
dza,2004,12022
dza,2005,13433
dza,2006,9897
dza,2007,11972
dza,2008,10596
dza,2009,9732
dza,2010,8405
dza,2011,8308
dza,2012,8147
dza,2013,7966
dza,2014,9074
dza,2015,11124
dza,2016,10900
dza,2017,10422
dza,2018,11586
ecu,1990,3
ecu,1991,27
ecu,1992,40
ecu,1993,47
ecu,1994,174
ecu,1995,206
ecu,1996,222
ecu,1997,217
ecu,1998,512
ecu,1999,496
ecu,2000,942
ecu,2001,1097
ecu,2002,1658
ecu,2003,1432
ecu,2004,1221
ecu,2005,1062
ecu,2006,1157
ecu,2007,1614
ecu,2008,1310
ecu,2009,1308
ecu,2010,1061
ecu,2011,1168
ecu,2012,1361
ecu,2013,3051
ecu,2014,7774
ecu,2015,11427
ecu,2016,14745
ecu,2017,18568
ecu,2018,19130
egy,1978,50
egy,1980,2
egy,1981,4
egy,1982,5
egy,1983,6
egy,1984,6
egy,1985,7
egy,1986,8
egy,1987,8
egy,1988,14
egy,1989,13
egy,1990,48
egy,1991,97
egy,1992,209
egy,1993,258
egy,1994,502
egy,1995,872
egy,1996,1207
egy,1997,1722
egy,1998,2612
egy,1999,3491
egy,2000,5113
egy,2001,6123
egy,2002,8277
egy,2003,7760
egy,2004,7623
egy,2005,8620
egy,2006,9309
egy,2007,8431
egy,2008,8608
egy,2009,8629
egy,2010,8501
egy,2011,10562
egy,2012,14154
egy,2013,22297
egy,2014,27002
egy,2015,30162
egy,2016,32957
egy,2017,36679
egy,2018,41596
eri,1979,400
eri,1980,542
eri,1981,1842
eri,1982,1585
eri,1983,1385
eri,1984,1385
eri,1985,1385
eri,1986,177
eri,1987,167
eri,1988,133
eri,1989,43
eri,1990,43
eri,1991,500633
eri,1992,573200
eri,1993,427213
eri,1994,431209
eri,1995,308200
eri,1996,333582
eri,1997,323177
eri,1998,353141
eri,1999,348654
eri,2000,1530431
eri,2001,368832
eri,2002,363694
eri,2003,159134
eri,2004,181258
eri,2005,184213
eri,2006,198833
eri,2007,220957
eri,2008,201744
eri,2009,223570
eri,2010,236059
eri,2011,266572
eri,2012,305998
eri,2013,337256
eri,2014,416996
eri,2015,469793
eri,2016,523770
eri,2017,565087
eri,2018,586148
esh,1975,20000
esh,1976,35000
esh,1977,50000
esh,1978,50000
esh,1979,50000
esh,1980,50000
esh,1981,165000
esh,1982,165000
esh,1983,165000
esh,1984,165000
esh,1985,165000
esh,1986,165000
esh,1987,165000
esh,1988,165000
esh,1989,167190
esh,1990,165000
esh,1991,165000
esh,1992,165000
esh,1993,165000
esh,1994,166493
esh,1995,165000
esh,1996,166328
esh,1997,166099
esh,1998,165968
esh,1999,192284
esh,2000,191814
esh,2001,191913
esh,2002,191889
esh,2003,191749
esh,2004,191752
esh,2005,116676
esh,2006,116642
esh,2007,116623
esh,2008,116561
esh,2009,116495
esh,2010,116449
esh,2011,116427
esh,2012,116578
esh,2013,116915
esh,2014,117662
esh,2015,117993
esh,2016,118654
esh,2017,118597
esh,2018,118585
esp,1970,680
esp,1971,670
esp,1972,650
esp,1973,390
esp,1974,210
esp,1975,140
esp,1976,510
esp,1980,5
esp,1981,3
esp,1982,52
esp,1983,602
esp,1984,62
esp,1985,62
esp,1986,1
esp,1987,60
esp,1994,42
esp,1995,36
esp,1996,218
esp,1997,215
esp,1998,60
esp,1999,53
esp,2000,104
esp,2001,66
esp,2002,86
esp,2003,93
esp,2004,80
esp,2005,76
esp,2006,2464
esp,2007,56
esp,2008,50
esp,2009,87
esp,2010,112
esp,2011,129
esp,2012,142
esp,2013,131
esp,2014,135
esp,2015,147
esp,2016,168
esp,2017,236
esp,2018,264
est,1991,2
est,1992,59
est,1993,95
est,1994,297
est,1995,351
est,1996,1316
est,1997,1266
est,1998,1329
est,1999,633
est,2000,533
est,2001,578
est,2002,1220
est,2003,1214
est,2004,1004
est,2005,878
est,2006,753
est,2007,321
est,2008,286
est,2009,288
est,2010,258
est,2011,264
est,2012,485
est,2013,379
est,2014,372
est,2015,365
est,2016,352
est,2017,321
est,2018,313
eth,1967,28600
eth,1968,31000
eth,1969,31000
eth,1970,54350
eth,1971,55200
eth,1972,52730
eth,1973,46300
eth,1974,49200
eth,1975,91410
eth,1976,105700
eth,1977,656500
eth,1978,896640
eth,1979,1644770
eth,1980,2577998
eth,1981,1389686
eth,1982,1414915
eth,1983,1434377
eth,1984,1832734
eth,1985,1865629
eth,1986,1748408
eth,1987,1547233
eth,1988,1520387
eth,1989,1481219
eth,1990,1345928
eth,1991,305081
eth,1992,325124
eth,1993,308442
eth,1994,266101
eth,1995,136140
eth,1996,124271
eth,1997,94435
eth,1998,84835
eth,1999,72922
eth,2000,84145
eth,2001,82108
eth,2002,70518
eth,2003,73530
eth,2004,76281
eth,2005,81848
eth,2006,90738
eth,2007,89368
eth,2008,95553
eth,2009,111645
eth,2010,117736
eth,2011,109473
eth,2012,121687
eth,2013,129729
eth,2014,149191
eth,2015,162777
eth,2016,162712
eth,2017,1303753
eth,2018,2845456
fin,1995,1
fin,1996,1
fin,1997,2
fin,1998,6
fin,1999,6
fin,2000,10
fin,2001,10
fin,2002,17
fin,2003,12
fin,2004,6
fin,2005,11
fin,2006,8
fin,2007,4
fin,2008,4
fin,2009,8
fin,2010,8
fin,2011,11
fin,2012,13
fin,2013,12
fin,2014,8
fin,2015,10
fin,2016,11
fin,2017,8
fin,2018,5
fji,1990,1
fji,1991,1
fji,1992,19
fji,1993,89
fji,1994,156
fji,1995,222
fji,1996,305
fji,1997,326
fji,1998,301
fji,1999,328
fji,2000,2062
fji,2001,2649
fji,2002,2576
fji,2003,2109
fji,2004,1803
fji,2005,1752
fji,2006,1941
fji,2007,2021
fji,2008,2069
fji,2009,2252
fji,2010,2151
fji,2011,1839
fji,2012,1585
fji,2013,1572
fji,2014,1691
fji,2015,1313
fji,2016,1306
fji,2017,1412
fji,2018,1972
fra,1994,20
fra,1995,15
fra,1996,44
fra,1997,61
fra,1998,64
fra,1999,63
fra,2000,126
fra,2001,105
fra,2002,171
fra,2003,182
fra,2004,169
fra,2005,342
fra,2006,124
fra,2007,154
fra,2008,159
fra,2009,165
fra,2010,136
fra,2011,153
fra,2012,149
fra,2013,154
fra,2014,140
fra,2015,178
fra,2016,175
fra,2017,181
fra,2018,269
fsm,2002,5
fsm,2003,4
fsm,2004,3
fsm,2005,1
fsm,2015,6
gab,1992,17
gab,1993,18
gab,1994,22
gab,1995,25
gab,1996,24
gab,1997,19
gab,1998,28
gab,1999,26
gab,2000,49
gab,2001,78
gab,2002,87
gab,2003,74
gab,2004,80
gab,2005,138
gab,2006,135
gab,2007,141
gab,2008,162
gab,2009,192
gab,2010,206
gab,2011,224
gab,2012,249
gab,2013,282
gab,2014,313
gab,2015,415
gab,2016,614
gab,2017,888
gab,2018,1059
gbr,1990,1
gbr,1991,1
gbr,1992,1
gbr,1993,2
gbr,1994,108
gbr,1995,77
gbr,1996,73
gbr,1997,79
gbr,1998,92
gbr,1999,106
gbr,2000,184
gbr,2001,190
gbr,2002,241
gbr,2003,216
gbr,2004,191
gbr,2005,198
gbr,2006,223
gbr,2007,239
gbr,2008,213
gbr,2009,205
gbr,2010,199
gbr,2011,199
gbr,2012,201
gbr,2013,212
gbr,2014,227
gbr,2015,248
gbr,2016,190
gbr,2017,232
gbr,2018,263
geo,1993,266012
geo,1994,286118
geo,1995,277208
geo,1996,320848
geo,1997,320550
geo,1998,315479
geo,1999,309269
geo,2000,297962
geo,2001,287101
geo,2002,284414
geo,2003,279128
geo,2004,249818
geo,2005,247809
geo,2006,322774
geo,2007,289069
geo,2008,450354
geo,2009,377692
geo,2010,377554
geo,2011,287062
geo,2012,293622
geo,2013,275961
geo,2014,277717
geo,2015,284164
geo,2016,290457
geo,2017,301064
geo,2018,310318
gha,1961,5000
gha,1962,5000
gha,1963,5000
gha,1964,5000
gha,1965,5000
gha,1966,5000
gha,1980,2
gha,1981,2
gha,1982,312
gha,1983,1958
gha,1984,2202
gha,1985,3195
gha,1986,2819
gha,1987,3916
gha,1988,4769
gha,1989,4716
gha,1990,4691
gha,1991,4701
gha,1992,4781
gha,1993,4488
gha,1994,188702
gha,1995,13594
gha,1996,15103
gha,1997,14775
gha,1998,14710
gha,1999,13295
gha,2000,15761
gha,2001,15702
gha,2002,16844
gha,2003,17550
gha,2004,16443
gha,2005,20785
gha,2006,11116
gha,2007,6717
gha,2008,15258
gha,2009,16241
gha,2010,22227
gha,2011,22875
gha,2012,27790
gha,2013,26072
gha,2014,29850
gha,2015,33705
gha,2016,27091
gha,2017,34444
gha,2018,30556
gib,2002,4
gib,2003,2
gib,2007,1
gib,2008,1
gib,2009,1
gib,2010,2
gib,2011,2
gib,2012,2
gib,2013,2
gib,2014,2
gib,2015,2
gib,2016,1
gin,1971,300
gin,1975,300000
gin,1976,500000
gin,1977,3000
gin,1982,50
gin,1984,70
gin,1986,50
gin,1987,50
gin,1988,50
gin,1989,50
gin,1990,50
gin,1991,2
gin,1992,19
gin,1993,31
gin,1994,106
gin,1995,441
gin,1996,524
gin,1997,648
gin,1998,924
gin,1999,1151
gin,2000,4023
gin,2001,5877
gin,2002,7244
gin,2003,7045
gin,2004,7276
gin,2005,9100
gin,2006,9508
gin,2007,10213
gin,2008,11517
gin,2009,13749
gin,2010,14768
gin,2011,17827
gin,2012,23597
gin,2013,26197
gin,2014,33194
gin,2015,34863
gin,2016,41946
gin,2017,54842
gin,2018,56486
glp,2014,12
glp,2015,23
glp,2017,37
glp,2018,11
gmb,1988,1
gmb,1989,1
gmb,1990,4
gmb,1991,15
gmb,1992,24
gmb,1993,26
gmb,1994,30
gmb,1995,161
gmb,1996,315
gmb,1997,421
gmb,1998,571
gmb,1999,677
gmb,2000,1035
gmb,2001,1045
gmb,2002,1152
gmb,2003,1092
gmb,2004,1134
gmb,2005,2345
gmb,2006,2278
gmb,2007,2266
gmb,2008,2489
gmb,2009,3138
gmb,2010,3299
gmb,2011,3780
gmb,2012,4850
gmb,2013,7223
gmb,2014,15772
gmb,2015,21321
gmb,2016,30507
gmb,2017,36792
gmb,2018,31211
gnb,1963,6000
gnb,1964,30000
gnb,1965,50000
gnb,1966,61050
gnb,1967,61620
gnb,1968,61420
gnb,1969,67800
gnb,1970,67800
gnb,1971,80000
gnb,1972,82050
gnb,1973,84000
gnb,1974,90000
gnb,1975,87240
gnb,1976,46000
gnb,1977,5000
gnb,1978,5000
gnb,1979,5000
gnb,1980,5002
gnb,1981,4002
gnb,1982,5002
gnb,1983,5002
gnb,1984,5012
gnb,1985,5352
gnb,1986,5354
gnb,1987,5002
gnb,1988,5001
gnb,1989,5004
gnb,1990,5003
gnb,1991,5006
gnb,1992,5008
gnb,1993,5011
gnb,1994,5015
gnb,1995,830
gnb,1996,856
gnb,1997,868
gnb,1998,204437
gnb,1999,223461
gnb,2000,2464
gnb,2001,1668
gnb,2002,1269
gnb,2003,1210
gnb,2004,1222
gnb,2005,1300
gnb,2006,1312
gnb,2007,1290
gnb,2008,1342
gnb,2009,1447
gnb,2010,1478
gnb,2011,1628
gnb,2012,2091
gnb,2013,2435
gnb,2014,3115
gnb,2015,3409
gnb,2016,3535
gnb,2017,5360
gnb,2018,4859
gnq,1974,1000
gnq,1975,90000
gnq,1976,90000
gnq,1977,120000
gnq,1978,90000
gnq,1979,70250
gnq,1980,48001
gnq,1981,18001
gnq,1982,18001
gnq,1983,1
gnq,1984,1
gnq,1985,1
gnq,1991,60
gnq,1992,114
gnq,1993,221
gnq,1994,342
gnq,1995,343
gnq,1996,398
gnq,1997,473
gnq,1998,421
gnq,1999,429
gnq,2000,551
gnq,2001,571
gnq,2002,619
gnq,2003,654
gnq,2004,606
gnq,2005,536
gnq,2006,493
gnq,2007,441
gnq,2008,431
gnq,2009,384
gnq,2010,384
gnq,2011,308
gnq,2012,314
gnq,2013,275
gnq,2014,269
gnq,2015,244
gnq,2016,247
gnq,2017,224
gnq,2018,290
grc,1965,17690
grc,1966,7090
grc,1967,23420
grc,1968,21820
grc,1969,21590
grc,1970,21290
grc,1971,1480
grc,1972,6610
grc,1973,5900
grc,1974,580
grc,1975,510
grc,1976,450
grc,1977,410
grc,1978,380
grc,1979,360
grc,1980,340
grc,1981,320
grc,1982,300
grc,1983,280
grc,1984,260
grc,1988,6
grc,1989,6
grc,1990,16
grc,1991,6
grc,1992,1
grc,1993,1
grc,1994,94
grc,1995,222
grc,1996,250
grc,1997,178
grc,1998,174
grc,1999,164
grc,2000,153
grc,2001,148
grc,2002,340
grc,2003,314
grc,2004,257
grc,2005,374
grc,2006,114
grc,2007,104
grc,2008,83
grc,2009,83
grc,2010,88
grc,2011,93
grc,2012,176
grc,2013,197
grc,2014,169
grc,2015,181
grc,2016,192
grc,2017,190
grc,2018,223
grd,1988,9
grd,1989,5
grd,1990,4
grd,1991,4
grd,1992,1
grd,1994,3
grd,1995,6
grd,1996,11
grd,1997,12
grd,1998,20
grd,1999,36
grd,2000,115
grd,2001,230
grd,2002,448
grd,2003,337
grd,2004,223
grd,2005,255
grd,2006,245
grd,2007,363
grd,2008,378
grd,2009,423
grd,2010,409
grd,2011,370
grd,2012,364
grd,2013,372
grd,2014,376
grd,2015,322
grd,2016,166
grd,2017,165
grd,2018,156
gtm,1980,750
gtm,1981,1910
gtm,1982,36490
gtm,1983,41800
gtm,1984,47880
gtm,1985,52890
gtm,1986,52800
gtm,1987,53840
gtm,1988,55653
gtm,1989,46623
gtm,1990,48908
gtm,1991,54337
gtm,1992,55961
gtm,1993,55360
gtm,1994,63759
gtm,1995,66137
gtm,1996,56000
gtm,1997,42731
gtm,1998,36662
gtm,1999,30118
gtm,2000,125936
gtm,2001,116409
gtm,2002,110002
gtm,2003,95321
gtm,2004,63027
gtm,2005,35229
gtm,2006,27029
gtm,2007,21159
gtm,2008,16187
gtm,2009,14881
gtm,2010,6708
gtm,2011,7198
gtm,2012,7720
gtm,2013,15057
gtm,2014,23290
gtm,2015,40738
gtm,2016,58781
gtm,2017,88989
gtm,2018,106001
guf,1992,5
guf,1993,5
guf,1994,5
guf,1995,5
guf,1996,5
guf,1997,5
guf,1998,5
guf,1999,5
guf,2007,1
guf,2008,1
guf,2009,2
guf,2010,1
guf,2016,1
guf,2017,10
guf,2018,23
guy,1988,2
guy,1989,2
guy,1990,2
guy,1991,1
guy,1992,2
guy,1993,4
guy,1994,71
guy,1995,62
guy,1996,55
guy,1997,38
guy,1998,41
guy,1999,49
guy,2000,239
guy,2001,417
guy,2002,1125
guy,2003,1378
guy,2004,861
guy,2005,793
guy,2006,835
guy,2007,917
guy,2008,984
guy,2009,1052
guy,2010,920
guy,2011,877
guy,2012,879
guy,2013,940
guy,2014,845
guy,2015,738
guy,2016,572
guy,2017,727
guy,2018,824
hkg,1992,2
hkg,1993,2
hkg,1994,261
hkg,1995,205
hkg,1996,105
hkg,1997,50
hkg,1998,42
hkg,1999,20
hkg,2000,23
hkg,2001,29
hkg,2002,24
hkg,2003,30
hkg,2004,20
hkg,2005,17
hkg,2006,29
hkg,2007,38
hkg,2008,63
hkg,2009,81
hkg,2010,100
hkg,2011,21
hkg,2012,86
hkg,2013,79
hkg,2014,64
hkg,2015,112
hkg,2016,124
hkg,2017,110
hkg,2018,29
hnd,1986,101
hnd,1987,1
hnd,1988,1
hnd,1989,5
hnd,1990,18
hnd,1991,21
hnd,1992,41
hnd,1993,459
hnd,1994,1240
hnd,1995,1219
hnd,1996,1288
hnd,1997,1246
hnd,1998,1103
hnd,1999,1071
hnd,2000,6228
hnd,2001,1939
hnd,2002,1922
hnd,2003,1810
hnd,2004,1751
hnd,2005,1762
hnd,2006,2393
hnd,2007,1909
hnd,2008,2059
hnd,2009,2166
hnd,2010,2117
hnd,2011,2814
hnd,2012,3424
hnd,2013,8593
hnd,2014,14307
hnd,2015,205406
hnd,2016,224510
hnd,2017,251389
hnd,2018,315760
hos,2004,2
hos,2007,3
hos,2008,3
hrv,1992,197931
hrv,1993,495688
hrv,1994,383256
hrv,1995,443782
hrv,1996,454594
hrv,1997,444903
hrv,1998,460814
hrv,1999,440307
hrv,2000,404209
hrv,2001,336628
hrv,2002,316029
hrv,2003,257492
hrv,2004,235870
hrv,2005,132163
hrv,2006,103425
hrv,2007,106660
hrv,2008,129253
hrv,2009,103409
hrv,2010,89416
hrv,2011,85408
hrv,2012,84617
hrv,2013,68127
hrv,2014,56280
hrv,2015,47724
hrv,2016,41142
hrv,2017,33182
hrv,2018,28545
hti,1974,1000
hti,1978,300
hti,1979,3300
hti,1980,3800
hti,1981,5000
hti,1982,5000
hti,1983,5230
hti,1984,5440
hti,1985,6100
hti,1986,6140
hti,1987,7150
hti,1988,5369
hti,1989,3834
hti,1990,2242
hti,1991,2358
hti,1992,7786
hti,1993,5824
hti,1994,11074
hti,1995,14575
hti,1996,15490
hti,1997,15481
hti,1998,13540
hti,1999,8773
hti,2000,27306
hti,2001,29211
hti,2002,29905
hti,2003,25906
hti,2004,25483
hti,2005,27061
hti,2006,31378
hti,2007,32539
hti,2008,35737
hti,2009,36015
hti,2010,33097
hti,2011,41131
hti,2012,46777
hti,2013,56142
hti,2014,73129
hti,2015,50310
hti,2016,75073
hti,2017,109289
hti,2018,68471
hun,1965,3270
hun,1966,3270
hun,1967,3270
hun,1968,3270
hun,1969,3360
hun,1970,3490
hun,1971,220
hun,1972,210
hun,1973,170
hun,1974,150
hun,1975,140
hun,1976,50
hun,1978,120
hun,1980,763
hun,1981,744
hun,1982,728
hun,1983,607
hun,1984,430
hun,1985,435
hun,1986,381
hun,1987,329
hun,1988,3887
hun,1989,4359
hun,1990,5767
hun,1991,4733
hun,1992,3993
hun,1993,5016
hun,1994,4471
hun,1995,2348
hun,1996,3087
hun,1997,2669
hun,1998,1242
hun,1999,800
hun,2000,2480
hun,2001,5103
hun,2002,6642
hun,2003,4405
hun,2004,3348
hun,2005,3776
hun,2006,3318
hun,2007,3484
hun,2008,1908
hun,2009,3992
hun,2010,4996
hun,2011,7250
hun,2012,4821
hun,2013,3183
hun,2014,1611
hun,2015,2152
hun,2016,4575
hun,2017,4981
hun,2018,4712
idn,1978,1000
idn,1979,1000
idn,1980,1000
idn,1981,150
idn,1982,2200
idn,1983,2080
idn,1984,11130
idn,1985,11870
idn,1986,12470
idn,1987,11010
idn,1988,9751
idn,1989,7856
idn,1990,8159
idn,1991,6704
idn,1992,6829
idn,1993,8156
idn,1994,8912
idn,1995,9836
idn,1996,11390
idn,1997,8799
idn,1998,9053
idn,1999,9028
idn,2000,13576
idn,2001,13572
idn,2002,15228
idn,2003,39937
idn,2004,49875
idn,2005,39241
idn,2006,38001
idn,2007,22911
idn,2008,21571
idn,2009,20536
idn,2010,17348
idn,2011,16460
idn,2012,16061
idn,2013,15916
idn,2014,16183
idn,2015,16611
idn,2016,16653
idn,2017,17845
idn,2018,15515
ind,1971,2034310
ind,1972,9799410
ind,1988,8
ind,1989,13
ind,1990,198
ind,1991,408
ind,1992,1019
ind,1993,1492
ind,1994,3263
ind,1995,5011
ind,1996,7552
ind,1997,8924
ind,1998,9668
ind,1999,9845
ind,2000,21215
ind,2001,21326
ind,2002,25406
ind,2003,25180
ind,2004,25065
ind,2005,28480
ind,2006,24567
ind,2007,27547
ind,2008,26445
ind,2009,24236
ind,2010,22060
ind,2011,20985
ind,2012,21368
ind,2013,23934
ind,2014,28093
ind,2015,35140
ind,2016,35337
ind,2017,48474
ind,2018,61549
irl,1994,3
irl,1995,2
irl,1996,2
irl,1997,1
irl,2000,7
irl,2001,10
irl,2002,12
irl,2003,16
irl,2004,12
irl,2005,25
irl,2006,8
irl,2007,14
irl,2008,10
irl,2009,12
irl,2010,15
irl,2011,18
irl,2012,26
irl,2013,46
irl,2014,97
irl,2015,51
irl,2016,46
irl,2017,52
irl,2018,57
irn,1980,48
irn,1981,803
irn,1982,2590
irn,1983,6037
irn,1984,5514
irn,1985,91045
irn,1986,88201
irn,1987,11092
irn,1988,59359
irn,1989,53658
irn,1990,76209
irn,1991,130746
irn,1992,131458
irn,1993,115594
irn,1994,121352
irn,1995,112394
irn,1996,107627
irn,1997,93993
irn,1998,90041
irn,1999,86864
irn,2000,108973
irn,2001,106641
irn,2002,152744
irn,2003,137747
irn,2004,125403
irn,2005,112391
irn,2006,116298
irn,2007,78774
irn,2008,80316
irn,2009,86526
irn,2010,84878
irn,2011,90826
irn,2012,100002
irn,2013,103899
irn,2014,118066
irn,2015,142057
irn,2016,181869
irn,2017,196409
irn,2018,217338
irq,1968,2700
irq,1969,2700
irq,1978,560
irq,1979,31000
irq,1980,31098
irq,1981,66589
irq,1982,103766
irq,1983,103721
irq,1984,101724
irq,1985,401593
irq,1986,400745
irq,1987,410818
irq,1988,552468
irq,1989,508266
irq,1990,1133995
irq,1991,2658665
irq,1992,1361625
irq,1993,771090
irq,1994,753488
irq,1995,736748
irq,1996,828276
irq,1997,795831
irq,1998,702141
irq,1999,680240
irq,2000,583546
irq,2001,580327
irq,2002,466422
irq,2003,474100
irq,2004,552664
irq,2005,1765170
irq,2006,3518949
irq,2007,4804243
irq,2008,4805745
irq,2009,3572081
irq,2010,3387479
irq,2011,3053104
irq,2012,2203343
irq,2013,1522906
irq,2014,4105397
irq,2015,4915826
irq,2016,5611595
irq,2017,4809798
irq,2018,3384753
isl,1996,4
isl,1997,5
isl,1998,5
isl,1999,5
isl,2000,6
isl,2002,13
isl,2003,15
isl,2004,16
isl,2005,9
isl,2006,33
isl,2007,7
isl,2008,7
isl,2009,5
isl,2010,6
isl,2011,4
isl,2012,5
isl,2013,5
isl,2014,5
isl,2015,3
isl,2016,3
isr,1988,4
isr,1989,4
isr,1990,16
isr,1991,28
isr,1992,40
isr,1993,118
isr,1994,887
isr,1995,938
isr,1996,1131
isr,1997,987
isr,1998,835
isr,1999,478
isr,2000,776
isr,2001,976
isr,2002,1588
isr,2003,1575
isr,2004,1442
isr,2005,1258
isr,2006,1827
isr,2007,2489
isr,2008,2531
isr,2009,2372
isr,2010,2100
isr,2011,1851
isr,2012,1758
isr,2013,1340
isr,2014,1268
isr,2015,1193
isr,2016,1045
isr,2017,1159
isr,2018,1155
ita,1992,1
ita,1993,3
ita,1994,146
ita,1995,121
ita,1996,112
ita,1997,112
ita,1998,79
ita,1999,52
ita,2000,84
ita,2001,65
ita,2002,259
ita,2003,239
ita,2004,219
ita,2005,240
ita,2006,122
ita,2007,104
ita,2008,96
ita,2009,79
ita,2010,104
ita,2011,99
ita,2012,130
ita,2013,145
ita,2014,179
ita,2015,217
ita,2016,196
ita,2017,321
ita,2018,425
jam,1993,4
jam,1994,7
jam,1995,10
jam,1996,18
jam,1997,21
jam,1998,27
jam,1999,33
jam,2000,212
jam,2001,322
jam,2002,627
jam,2003,671
jam,2004,638
jam,2005,779
jam,2006,933
jam,2007,1010
jam,2008,1230
jam,2009,1491
jam,2010,1619
jam,2011,1839
jam,2012,1912
jam,2013,2142
jam,2014,2302
jam,2015,2705
jam,2016,3149
jam,2017,3639
jam,2018,3920
jor,1983,2
jor,1984,3
jor,1985,103
jor,1986,3
jor,1987,4
jor,1988,8
jor,1989,15
jor,1990,55
jor,1991,112
jor,1992,183
jor,1993,242
jor,1994,443
jor,1995,544
jor,1996,708
jor,1997,719
jor,1998,899
jor,1999,973
jor,2000,1512
jor,2001,1341
jor,2002,2020
jor,2003,1891
jor,2004,1892
jor,2005,2459
jor,2006,2377
jor,2007,2531
jor,2008,2650
jor,2009,2901
jor,2010,2876
jor,2011,2786
jor,2012,3003
jor,2013,2650
jor,2014,3155
jor,2015,3783
jor,2016,4502
jor,2017,5628
jor,2018,7929
jpn,1994,7
jpn,1995,3
jpn,1996,2
jpn,1997,2
jpn,1998,3
jpn,1999,3
jpn,2000,18
jpn,2001,30
jpn,2002,46
jpn,2003,43
jpn,2004,92
jpn,2005,69
jpn,2006,199
jpn,2007,543
jpn,2008,217
jpn,2009,182
jpn,2010,160
jpn,2011,218
jpn,2012,218
jpn,2013,210
jpn,2014,326
jpn,2015,213
jpn,2016,140
jpn,2017,141
jpn,2018,144
kaz,1992,1
kaz,1993,2
kaz,1994,27
kaz,1995,139
kaz,1996,40163
kaz,1997,50774
kaz,1998,37124
kaz,1999,18789
kaz,2000,3285
kaz,2001,3679
kaz,2002,7247
kaz,2003,7453
kaz,2004,6782
kaz,2005,4924
kaz,2006,8036
kaz,2007,5784
kaz,2008,5411
kaz,2009,4348
kaz,2010,4378
kaz,2011,4248
kaz,2012,4491
kaz,2013,3269
kaz,2014,3478
kaz,2015,3836
kaz,2016,4601
kaz,2017,5899
kaz,2018,8331
ken,1975,90
ken,1977,1200
ken,1978,80
ken,1979,80
ken,1988,2
ken,1989,2
ken,1990,10
ken,1991,33
ken,1992,68
ken,1993,86
ken,1994,8774
ken,1995,9330
ken,1996,9394
ken,1997,9583
ken,1998,6056
ken,1999,6138
ken,2000,8109
ken,2001,3281
ken,2002,13276
ken,2003,14141
ken,2004,15067
ken,2005,16084
ken,2006,6447
ken,2007,9277
ken,2008,762617
ken,2009,417052
ken,2010,310595
ken,2011,310417
ken,2012,422499
ken,2013,10796
ken,2014,11535
ken,2015,12434
ken,2016,11112
ken,2017,13274
ken,2018,14735
kgz,1993,1
kgz,1994,14
kgz,1995,22
kgz,1996,17118
kgz,1997,16320
kgz,1998,8844
kgz,1999,9572
kgz,2000,6638
kgz,2001,1073
kgz,2002,3487
kgz,2003,3752
kgz,2004,3755
kgz,2005,3493
kgz,2006,3071
kgz,2007,2694
kgz,2008,2924
kgz,2009,3049
kgz,2010,284319
kgz,2011,176730
kgz,2012,176691
kgz,2013,3588
kgz,2014,4360
kgz,2015,4776
kgz,2016,4943
kgz,2017,5319
kgz,2018,5643
khm,1971,57000
khm,1972,55000
khm,1973,35000
khm,1975,18910
khm,1976,17200
khm,1977,76710
khm,1978,165120
khm,1979,171100
khm,1980,387783
khm,1981,145577
khm,1982,123398
khm,1983,93355
khm,1984,72468
khm,1985,143198
khm,1986,54848
khm,1987,56589
khm,1988,98118
khm,1989,76395
khm,1990,54364
khm,1991,43238
khm,1992,37701
khm,1993,14970
khm,1994,132678
khm,1995,111078
khm,1996,92019
khm,1997,144520
khm,1998,83727
khm,1999,74485
khm,2000,37158
khm,2001,35066
khm,2002,33919
khm,2003,31871
khm,2004,18626
khm,2005,18670
khm,2006,18648
khm,2007,18128
khm,2008,17471
khm,2009,17248
khm,2010,16451
khm,2011,15391
khm,2012,14237
khm,2013,13981
khm,2014,13334
khm,2015,13180
khm,2016,12812
khm,2017,13805
khm,2018,12866
kir,2002,3
kir,2003,16
kir,2004,34
kir,2005,38
kir,2006,45
kir,2007,38
kir,2008,39
kir,2009,34
kir,2010,37
kir,2011,36
kir,2012,43
kir,2013,22
kir,2014,5
kir,2015,5
kir,2016,1
kna,2000,4
kna,2001,2
kna,2002,7
kna,2003,5
kna,2004,2
kna,2005,32
kna,2006,6
kna,2007,10
kna,2008,12
kna,2009,17
kna,2010,20
kna,2011,24
kna,2012,36
kna,2013,41
kna,2014,35
kna,2015,48
kna,2016,72
kna,2017,68
kna,2018,64
kor,1991,5
kor,1992,5
kor,1993,7
kor,1994,17
kor,1995,30
kor,1996,42
kor,1997,48
kor,1998,65
kor,1999,75
kor,2000,432
kor,2001,559
kor,2002,849
kor,2003,740
kor,2004,581
kor,2005,586
kor,2006,1646
kor,2007,1577
kor,2008,1615
kor,2009,892
kor,2010,825
kor,2011,698
kor,2012,748
kor,2013,716
kor,2014,766
kor,2015,614
kor,2016,526
kor,2017,617
kor,2018,806
kwt,1990,44
kwt,1991,47
kwt,1992,74
kwt,1993,89
kwt,1994,756
kwt,1995,762
kwt,1996,854
kwt,1997,825
kwt,1998,830
kwt,1999,992
kwt,2000,793
kwt,2001,845
kwt,2002,827
kwt,2003,725
kwt,2004,493
kwt,2005,454
kwt,2006,742
kwt,2007,855
kwt,2008,922
kwt,2009,1005
kwt,2010,1085
kwt,2011,1285
kwt,2012,1337
kwt,2013,1167
kwt,2014,1254
kwt,2015,1537
kwt,2016,1675
kwt,2017,2046
kwt,2018,2459
lao,1975,55510
lao,1976,62720
lao,1977,78970
lao,1978,119180
lao,1979,128770
lao,1980,114256
lao,1981,92932
lao,1982,81658
lao,1983,85638
lao,1984,86877
lao,1985,99539
lao,1986,94084
lao,1987,81534
lao,1988,136138
lao,1989,135424
lao,1990,138737
lao,1991,125408
lao,1992,100815
lao,1993,78706
lao,1994,60486
lao,1995,60720
lao,1996,47154
lao,1997,37717
lao,1998,30361
lao,1999,22633
lao,2000,16315
lao,2001,13600
lao,2002,12151
lao,2003,10849
lao,2004,16590
lao,2005,24801
lao,2006,26739
lao,2007,10181
lao,2008,8780
lao,2009,8592
lao,2010,8485
lao,2011,8111
lao,2012,7992
lao,2013,7795
lao,2014,7599
lao,2015,7528
lao,2016,7402
lao,2017,7274
lao,2018,7212
lbn,1982,22330
lbn,1983,27270
lbn,1984,30060
lbn,1985,34140
lbn,1986,630
lbn,1988,439
lbn,1989,2197
lbn,1990,7043
lbn,1991,8501
lbn,1992,10257
lbn,1993,10635
lbn,1994,15658
lbn,1995,13523
lbn,1996,10892
lbn,1997,10235
lbn,1998,9787
lbn,1999,7698
lbn,2000,13330
lbn,2001,10654
lbn,2002,28691
lbn,2003,27061
lbn,2004,21476
lbn,2005,20337
lbn,2006,765411
lbn,2007,215670
lbn,2008,15258
lbn,2009,18032
lbn,2010,17390
lbn,2011,16412
lbn,2012,17090
lbn,2013,6560
lbn,2014,8187
lbn,2015,10374
lbn,2016,13230
lbn,2017,14551
lbn,2018,13628
lbr,1988,30
lbr,1989,51
lbr,1990,735689
lbr,1991,773405
lbr,1992,601835
lbr,1993,720342
lbr,1994,1023300
lbr,1995,1074303
lbr,1996,1104745
lbr,1997,674522
lbr,1998,734137
lbr,1999,536903
lbr,2000,437552
lbr,2001,449637
lbr,2002,612009
lbr,2003,912157
lbr,2004,931548
lbr,2005,805993
lbr,2006,511341
lbr,2007,139439
lbr,2008,88415
lbr,2009,75211
lbr,2010,73351
lbr,2011,70525
lbr,2012,54916
lbr,2013,19849
lbr,2014,15963
lbr,2015,12488
lbr,2016,9309
lbr,2017,9498
lbr,2018,8501
lby,1980,205
lby,1981,226
lby,1982,259
lby,1983,275
lby,1984,291
lby,1985,327
lby,1986,304
lby,1987,250
lby,1988,659
lby,1989,655
lby,1990,581
lby,1991,840
lby,1992,686
lby,1993,597
lby,1994,679
lby,1995,624
lby,1996,282
lby,1997,274
lby,1998,433
lby,1999,568
lby,2000,1161
lby,2001,1372
lby,2002,2385
lby,2003,2474
lby,2004,2533
lby,2005,2344
lby,2006,2245
lby,2007,2577
lby,2008,2849
lby,2009,2843
lby,2010,2875
lby,2011,706910
lby,2012,245090
lby,2013,64336
lby,2014,371241
lby,2015,447021
lby,2016,639708
lby,2017,348832
lby,2018,234769
lca,1995,2
lca,1996,2
lca,1997,3
lca,1998,5
lca,1999,9
lca,2000,39
lca,2001,78
lca,2002,284
lca,2003,290
lca,2004,182
lca,2005,300
lca,2006,305
lca,2007,406
lca,2008,624
lca,2009,912
lca,2010,1018
lca,2011,1114
lca,2012,1082
lca,2013,970
lca,2014,955
lca,2015,1064
lca,2016,1193
lca,2017,1172
lca,2018,1089
lie,2010,1
lka,1985,160
lka,1986,315
lka,1987,219
lka,1988,3490
lka,1989,7692
lka,1990,208271
lka,1991,209349
lka,1992,157217
lka,1993,121303
lka,1994,131722
lka,1995,317805
lka,1996,309625
lka,1997,322288
lka,1998,748623
lka,1999,729323
lka,2000,837201
lka,2001,860873
lka,2002,871449
lka,2003,592821
lka,2004,513322
lka,2005,466961
lka,2006,680640
lka,2007,761099
lka,2008,672148
lka,2009,684276
lka,2010,589639
lka,2011,432205
lka,2012,286337
lka,2013,223051
lka,2014,170993
lka,2015,190155
lka,2016,185918
lka,2017,175846
lka,2018,169174
lso,1971,60
lso,1974,110
lso,1975,310
lso,1977,90
lso,1978,160
lso,1979,230
lso,1980,70
lso,1981,80
lso,1986,50
lso,1989,4
lso,1990,4
lso,1991,4
lso,1993,58
lso,1994,1
lso,1995,1
lso,1996,2
lso,1997,3
lso,1998,3
lso,1999,3
lso,2000,5
lso,2001,9
lso,2002,9
lso,2003,10
lso,2004,13
lso,2005,13
lso,2006,13
lso,2007,20
lso,2008,25
lso,2009,14
lso,2010,16
lso,2011,175
lso,2012,298
lso,2013,696
lso,2014,683
lso,2015,1111
lso,2016,710
lso,2017,6
lso,2018,29
ltu,1980,1
ltu,1981,1
ltu,1982,1
ltu,1983,1
ltu,1984,1
ltu,1985,1
ltu,1990,4
ltu,1991,4
ltu,1992,8
ltu,1993,11
ltu,1994,63
ltu,1995,109
ltu,1996,662
ltu,1997,649
ltu,1998,1373
ltu,1999,258
ltu,2000,299
ltu,2001,474
ltu,2002,1729
ltu,2003,1904
ltu,2004,1685
ltu,2005,1636
ltu,2006,1109
ltu,2007,553
ltu,2008,550
ltu,2009,617
ltu,2010,639
ltu,2011,650
ltu,2012,585
ltu,2013,301
ltu,2014,240
ltu,2015,216
ltu,2016,152
ltu,2017,159
ltu,2018,135
lux,2003,1
lux,2004,1
lux,2005,1
lux,2006,2
lux,2007,2
lux,2009,1
lux,2010,1
lux,2011,1
lux,2012,1
lux,2013,2
lux,2014,3
lux,2015,2
lux,2016,2
lva,1992,4
lva,1993,4
lva,1994,93
lva,1995,160
lva,1996,1958
lva,1997,1915
lva,1998,3955
lva,1999,907
lva,2000,607
lva,2001,801
lva,2002,3278
lva,2003,3377
lva,2004,2980
lva,2005,2553
lva,2006,1527
lva,2007,704
lva,2008,794
lva,2009,877
lva,2010,896
lva,2011,862
lva,2012,769
lva,2013,308
lva,2014,276
lva,2015,277
lva,2016,270
lva,2017,264
lva,2018,240
mac,1996,1
mac,1997,1
mac,1998,1
mac,1999,1
mac,2000,7
mac,2001,12
mac,2002,24
mac,2003,18
mac,2004,26
mac,2005,16
mac,2006,13
mac,2007,13
mac,2008,11
mac,2009,9
mac,2010,10
mac,2011,11
mac,2012,2
mac,2013,6
mac,2014,19
mac,2015,29
mac,2016,5
mac,2017,9
mac,2018,25
mar,1983,1
mar,1984,1
mar,1985,1
mar,1986,1
mar,1987,2
mar,1988,3
mar,1989,6
mar,1990,15
mar,1991,44
mar,1992,91
mar,1993,105
mar,1994,180
mar,1995,301
mar,1996,298
mar,1997,310
mar,1998,353
mar,1999,377
mar,2000,574
mar,2001,636
mar,2002,1568
mar,2003,1557
mar,2004,1581
mar,2005,3383
mar,2006,5299
mar,2007,4505
mar,2008,4067
mar,2009,2896
mar,2010,3130
mar,2011,3465
mar,2012,4193
mar,2013,4198
mar,2014,5025
mar,2015,7399
mar,2016,9473
mar,2017,9932
mar,2018,12021
mco,1996,1
mco,1997,1
mco,1998,1
mco,1999,1
mco,2000,1
mco,2002,2
mco,2003,2
mco,2004,1
mco,2005,3
mco,2006,5
mco,2009,1
mco,2010,2
mco,2011,4
mco,2012,4
mco,2013,4
mco,2014,9
mco,2015,5
mco,2016,4
mda,1993,6
mda,1994,458
mda,1995,529
mda,1996,5831
mda,1997,6419
mda,1998,4449
mda,1999,10487
mda,2000,11608
mda,2001,6887
mda,2002,12652
mda,2003,12127
mda,2004,12560
mda,2005,12640
mda,2006,12957
mda,2007,5827
mda,2008,6443
mda,2009,6664
mda,2010,6833
mda,2011,6724
mda,2012,6593
mda,2013,3085
mda,2014,3735
mda,2015,5721
mda,2016,6411
mda,2017,5742
mda,2018,6904
mdg,1991,1
mdg,1992,1
mdg,1993,1
mdg,1994,3
mdg,1995,79
mdg,1996,79
mdg,1997,76
mdg,1998,67
mdg,1999,54
mdg,2000,70
mdg,2001,51
mdg,2002,70
mdg,2003,121
mdg,2004,153
mdg,2005,222
mdg,2006,285
mdg,2007,289
mdg,2008,294
mdg,2009,306
mdg,2010,292
mdg,2011,308
mdg,2012,335
mdg,2013,470
mdg,2014,496
mdg,2015,464
mdg,2016,355
mdg,2017,355
mdg,2018,391
mdv,1988,1
mdv,1989,1
mdv,1990,1
mdv,1991,1
mdv,1996,1
mdv,1997,1
mdv,1998,2
mdv,1999,3
mdv,2000,7
mdv,2001,4
mdv,2002,4
mdv,2003,4
mdv,2004,9
mdv,2005,17
mdv,2006,20
mdv,2007,19
mdv,2008,17
mdv,2009,16
mdv,2010,22
mdv,2011,23
mdv,2012,56
mdv,2013,57
mdv,2014,45
mdv,2015,70
mdv,2016,96
mdv,2017,86
mdv,2018,84
mex,1994,248
mex,1995,361
mex,1996,521
mex,1997,665
mex,1998,1016
mex,1999,1359
mex,2000,14356
mex,2001,24067
mex,2002,32543
mex,2003,28113
mex,2004,20580
mex,2005,14927
mex,2006,15121
mex,2007,20338
mex,2008,23605
mex,2009,26848
mex,2010,16786
mex,2011,12811
mex,2012,12040
mex,2013,21657
mex,2014,40020
mex,2015,57586
mex,2016,74654
mex,2017,96731
mex,2018,102616
mhl,2002,1
mhl,2012,2
mhl,2013,8
mhl,2014,9
mhl,2015,9
mhl,2016,3
mhl,2017,7
mhl,2018,7
mkd,1993,1897
mkd,1994,347
mkd,1995,12883
mkd,1996,13041
mkd,1997,12747
mkd,1998,1939
mkd,1999,2089
mkd,2000,2680
mkd,2001,178959
mkd,2002,37370
mkd,2003,16115
mkd,2004,6528
mkd,2005,9306
mkd,2006,9717
mkd,2007,9187
mkd,2008,8605
mkd,2009,8801
mkd,2010,10740
mkd,2011,9949
mkd,2012,12282
mkd,2013,8326
mkd,2014,9752
mkd,2015,16395
mkd,2016,8636
mkd,2017,5673
mkd,2018,4926
mli,1990,1
mli,1991,14704
mli,1992,71189
mli,1993,98573
mli,1994,175905
mli,1995,116241
mli,1996,77174
mli,1997,52511
mli,1998,34091
mli,1999,8932
mli,2000,4059
mli,2001,4179
mli,2002,4348
mli,2003,4193
mli,2004,4178
mli,2005,4373
mli,2006,4524
mli,2007,5130
mli,2008,2508
mli,2009,3692
mli,2010,4066
mli,2011,4699
mli,2012,379764
mli,2013,470736
mli,2014,427336
mli,2015,283684
mli,2016,248593
mli,2017,232218
mli,2018,296056
mlt,1988,1
mlt,1989,1
mlt,1990,1
mlt,1991,1
mlt,1992,1
mlt,1994,7
mlt,1995,13
mlt,1996,18
mlt,1997,14
mlt,1998,17
mlt,1999,22
mlt,2000,20
mlt,2001,10
mlt,2002,12
mlt,2003,16
mlt,2004,7
mlt,2005,7
mlt,2006,32
mlt,2007,10
mlt,2008,9
mlt,2009,9
mlt,2010,7
mlt,2011,6
mlt,2012,6
mlt,2013,6
mlt,2014,6
mlt,2015,5
mlt,2016,1
mmr,1972,5700
mmr,1978,196000
mmr,1979,150680
mmr,1988,7
mmr,1989,4
mmr,1990,28
mmr,1991,40053
mmr,1992,253660
mmr,1993,327704
mmr,1994,289810
mmr,1995,218302
mmr,1996,166114
mmr,1997,145842
mmr,1998,133513
mmr,1999,132791
mmr,2000,139472
mmr,2001,147271
mmr,2002,151297
mmr,2003,170032
mmr,2004,172734
mmr,2005,206102
mmr,2006,287642
mmr,2007,277629
mmr,2008,274041
mmr,2009,496549
mmr,2010,499955
mmr,2011,777938
mmr,2012,871404
mmr,2013,927188
mmr,2014,907264
mmr,2015,989220
mmr,2016,922963
mmr,2017,1551703
mmr,2018,1546455
mne,2006,16654
mne,2007,17148
mne,2008,1464
mne,2009,2757
mne,2010,3431
mne,2011,4006
mne,2012,4429
mne,2013,1136
mne,2014,1899
mne,2015,3664
mne,2016,1848
mne,2017,1471
mne,2018,1333
mng,1990,1
mng,1991,1
mng,1992,1
mng,1993,1
mng,1994,4
mng,1995,4
mng,1996,7
mng,1997,9
mng,1998,19
mng,1999,25
mng,2000,625
mng,2001,911
mng,2002,1318
mng,2003,1024
mng,2004,1004
mng,2005,1296
mng,2006,2720
mng,2007,3062
mng,2008,3403
mng,2009,3780
mng,2010,3526
mng,2011,3436
mng,2012,3062
mng,2013,3324
mng,2014,4641
mng,2015,5734
mng,2016,6103
mng,2017,6392
mng,2018,6631
moz,1964,10000
moz,1965,18000
moz,1966,24700
moz,1967,27750
moz,1968,34000
moz,1969,43220
moz,1970,60070
moz,1971,61460
moz,1972,64400
moz,1973,69800
moz,1974,88200
moz,1975,81490
moz,1976,4340
moz,1977,120
moz,1978,130
moz,1979,370
moz,1980,120
moz,1981,5170
moz,1982,20200
moz,1983,50200
moz,1984,51200
moz,1985,72250
moz,1986,193550
moz,1987,692460
moz,1988,937578
moz,1989,1193738
moz,1990,1248502
moz,1991,1316976
moz,1992,1604272
moz,1993,1776937
moz,1994,1038873
moz,1995,284696
moz,1996,36262
moz,1997,33682
moz,1998,98
moz,1999,35
moz,2000,36
moz,2001,67
moz,2002,189
moz,2003,279
moz,2004,418
moz,2005,475
moz,2006,246
moz,2007,907
moz,2008,890
moz,2009,145
moz,2010,155
moz,2011,517
moz,2012,1030
moz,2013,1492
moz,2014,1469
moz,2015,2260
moz,2016,26645
moz,2017,33969
moz,2018,26687
mrt,1984,1
mrt,1985,1
mrt,1986,1
mrt,1987,1
mrt,1988,2
mrt,1989,48238
mrt,1990,65999
mrt,1991,81281
mrt,1992,80084
mrt,1993,68892
mrt,1994,68043
mrt,1995,85170
mrt,1996,84691
mrt,1997,80986
mrt,1998,77174
mrt,1999,29949
mrt,2000,31540
mrt,2001,32430
mrt,2002,33116
mrt,2003,33408
mrt,2004,33698
mrt,2005,33955
mrt,2006,35240
mrt,2007,34125
mrt,2008,53421
mrt,2009,52067
mrt,2010,39888
mrt,2011,41888
mrt,2012,43015
mrt,2013,38113
mrt,2014,41142
mrt,2015,42149
mrt,2016,43663
mrt,2017,44023
mrt,2018,45121
mtq,1995,1
mtq,1996,1
mtq,1997,1
mus,1994,1
mus,1995,13
mus,1996,13
mus,1997,3
mus,1998,15
mus,1999,8
mus,2000,46
mus,2001,56
mus,2002,68
mus,2003,82
mus,2004,36
mus,2005,45
mus,2006,102
mus,2007,95
mus,2008,49
mus,2009,40
mus,2010,71
mus,2011,148
mus,2012,180
mus,2013,206
mus,2014,259
mus,2015,312
mus,2016,314
mus,2017,350
mus,2018,440
mwi,1966,150
mwi,1967,300
mwi,1968,140
mwi,1969,190
mwi,1970,250
mwi,1971,250
mwi,1972,20250
mwi,1973,100
mwi,1974,80
mwi,1975,30350
mwi,1976,60
mwi,1977,1050
mwi,1978,310
mwi,1979,460
mwi,1980,420
mwi,1981,70
mwi,1982,240
mwi,1983,440
mwi,1984,440
mwi,1985,450
mwi,1986,440
mwi,1987,450
mwi,1988,4
mwi,1989,4
mwi,1990,53
mwi,1991,50
mwi,1992,50
mwi,1993,45
mwi,1994,67
mwi,1995,92
mwi,1996,39
mwi,1997,34
mwi,1998,28
mwi,1999,34
mwi,2000,40
mwi,2001,42
mwi,2002,199
mwi,2003,1511
mwi,2004,3030
mwi,2005,3950
mwi,2006,159
mwi,2007,8287
mwi,2008,8316
mwi,2009,176
mwi,2010,240
mwi,2011,3190
mwi,2012,4825
mwi,2013,4604
mwi,2014,4258
mwi,2015,6106
mwi,2016,4179
mwi,2017,3576
mwi,2018,3259
mys,1991,3
mys,1992,4
mys,1993,4
mys,1994,82
mys,1995,79
mys,1996,103
mys,1997,87
mys,1998,90
mys,1999,86
mys,2000,325
mys,2001,394
mys,2002,603
mys,2003,567
mys,2004,468
mys,2005,576
mys,2006,715
mys,2007,731
mys,2008,746
mys,2009,681
mys,2010,680
mys,2011,679
mys,2012,705
mys,2013,768
mys,2014,1425
mys,2015,3272
mys,2016,6621
mys,2017,9995
mys,2018,15834
nam,1966,180
nam,1967,230
nam,1968,1410
nam,1969,1260
nam,1970,900
nam,1971,900
nam,1972,1000
nam,1973,3410
nam,1974,3420
nam,1975,4140
nam,1976,9020
nam,1977,12930
nam,1978,35860
nam,1979,40640
nam,1980,55620
nam,1981,74520
nam,1982,75170
nam,1983,75112
nam,1984,77552
nam,1985,76916
nam,1986,76966
nam,1987,75786
nam,1988,76751
nam,1989,74874
nam,1990,3302
nam,1991,454
nam,1992,156
nam,1993,144
nam,1994,123
nam,1995,35
nam,1996,14
nam,1997,2
nam,1998,1903
nam,1999,2083
nam,2000,2323
nam,2001,2450
nam,2002,2495
nam,2003,1483
nam,2004,1496
nam,2005,1320
nam,2006,1257
nam,2007,1202
nam,2008,1033
nam,2009,1000
nam,2010,1393
nam,2011,2208
nam,2012,1681
nam,2013,1459
nam,2014,1320
nam,2015,1408
nam,2016,1556
nam,2017,1599
nam,2018,1754
ncl,2005,7
ncl,2006,1
ncl,2008,2
ner,1991,2
ner,1992,22008
ner,1993,22309
ner,1994,22027
ner,1995,10491
ner,1996,10361
ner,1997,3191
ner,1998,4253
ner,1999,528
ner,2000,747
ner,2001,901
ner,2002,1398
ner,2003,1187
ner,2004,1049
ner,2005,1246
ner,2006,1299
ner,2007,1104
ner,2008,1067
ner,2009,1102
ner,2010,1128
ner,2011,1105
ner,2012,1197
ner,2013,36283
ner,2014,1301
ner,2015,209511
ner,2016,138165
ner,2017,153452
ner,2018,211326
nfk,2014,1
nfk,2015,1
nfk,2016,1
nga,1968,51100
nga,1969,2850
nga,1970,60
nga,1985,1
nga,1986,2
nga,1987,3
nga,1988,13
nga,1989,14
nga,1990,16
nga,1991,23
nga,1992,76
nga,1993,100
nga,1994,592
nga,1995,1947
nga,1996,4845
nga,1997,3059
nga,1998,4001
nga,1999,4442
nga,2000,9208
nga,2001,10233
nga,2002,32351
nga,2003,39098
nga,2004,37522
nga,2005,43568
nga,2006,21623
nga,2007,23753
nga,2008,24645
nga,2009,25272
nga,2010,27568
nga,2011,27673
nga,2012,32209
nga,2013,52542
nga,2014,1380219
nga,2015,2391911
nga,2016,3204860
nga,2017,2699471
nga,2018,2706890
nic,1978,144800
nic,1979,104730
nic,1980,15960
nic,1981,2500
nic,1982,18970
nic,1983,23520
nic,1984,35020
nic,1985,52650
nic,1986,67550
nic,1987,75520
nic,1988,97325
nic,1989,100500
nic,1990,88188
nic,1991,52889
nic,1992,46315
nic,1993,33424
nic,1994,28657
nic,1995,23953
nic,1996,23832
nic,1997,22535
nic,1998,21544
nic,1999,20634
nic,2000,18363
nic,2001,17586
nic,2002,13994
nic,2003,10850
nic,2004,8064
nic,2005,5933
nic,2006,4136
nic,2007,2725
nic,2008,2005
nic,2009,1915
nic,2010,1610
nic,2011,1607
nic,2012,1654
nic,2013,2053
nic,2014,2314
nic,2015,2726
nic,2016,3545
nic,2017,4186
nic,2018,33917
niu,2003,2
niu,2011,7
niu,2012,10
niu,2013,14
niu,2014,46
niu,2015,36
niu,2016,19
niu,2017,23
niu,2018,24
nld,1994,75
nld,1995,85
nld,1996,96
nld,1997,77
nld,1998,57
nld,1999,29
nld,2000,148
nld,2001,91
nld,2002,120
nld,2003,136
nld,2004,163
nld,2005,201
nld,2006,79
nld,2007,64
nld,2008,74
nld,2009,75
nld,2010,77
nld,2011,105
nld,2012,105
nld,2013,94
nld,2014,109
nld,2015,125
nld,2016,86
nld,2017,103
nld,2018,122
nld_curacao,2013,94
nld_curacao,2014,35
nld_curacao,2015,35
nld_curacao,2016,35
nld_curacao,2017,35
nld_curacao,2018,35
nor,1994,2
nor,1995,1
nor,1996,1
nor,1997,3
nor,1998,4
nor,1999,4
nor,2000,5
nor,2001,3
nor,2002,5
nor,2003,8
nor,2004,12
nor,2005,16
nor,2006,5
nor,2007,9
nor,2008,5
nor,2009,10
nor,2010,7
nor,2011,12
nor,2012,15
nor,2013,18
nor,2014,15
nor,2015,19
nor,2016,28
nor,2017,24
nor,2018,6
npl,1992,1
npl,1993,1
npl,1994,4
npl,1995,27
npl,1996,44
npl,1997,52
npl,1998,101
npl,1999,186
npl,2000,680
npl,2001,857
npl,2002,1508
npl,2003,1958
npl,2004,2728
npl,2005,4490
npl,2006,105078
npl,2007,105512
npl,2008,6303
npl,2009,6927
npl,2010,7068
npl,2011,8873
npl,2012,10133
npl,2013,11912
npl,2014,15280
npl,2015,18032
npl,2016,20500
npl,2017,21950
npl,2018,17962
nru,1999,3
nru,2000,3
nru,2001,1
nru,2002,1
nru,2003,4
nru,2004,1
nru,2005,3
nru,2006,3
nru,2007,4
nru,2008,4
nru,2011,3
nru,2015,1
nzl,2000,2
nzl,2001,6
nzl,2002,8
nzl,2003,7
nzl,2004,6
nzl,2005,9
nzl,2006,15
nzl,2007,18
nzl,2008,18
nzl,2009,12
nzl,2010,19
nzl,2011,28
nzl,2012,29
nzl,2013,25
nzl,2014,33
nzl,2015,33
nzl,2016,47
nzl,2017,61
nzl,2018,49
omn,1994,3
omn,1995,10
omn,1996,10
omn,1997,10
omn,1998,11
omn,1999,11
omn,2000,15
omn,2001,10
omn,2002,29
omn,2003,22
omn,2004,26
omn,2005,20
omn,2006,46
omn,2007,47
omn,2008,60
omn,2009,72
omn,2010,71
omn,2011,64
omn,2012,70
omn,2013,31
omn,2014,46
omn,2015,55
omn,2016,63
omn,2017,51
omn,2018,60
pak,1974,119610
pak,1982,1
pak,1983,1
pak,1984,1
pak,1985,1
pak,1986,1
pak,1987,1
pak,1988,275
pak,1989,410
pak,1990,486
pak,1991,525
pak,1992,1090
pak,1993,1424
pak,1994,4430
pak,1995,5277
pak,1996,7522
pak,1997,5985
pak,1998,6889
pak,1999,8015
pak,2000,17338
pak,2001,20334
pak,2002,34544
pak,2003,41240
pak,2004,41745
pak,2005,46371
pak,2006,32399
pak,2007,40478
pak,2008,194471
pak,2009,3040845
pak,2010,2198925
pak,2011,1126390
pak,2012,887673
pak,2013,934394
pak,2014,1832858
pak,2015,2184604
pak,2016,1326509
pak,2017,661783
pak,2018,387384
pan,1988,47
pan,1989,365
pan,1990,629
pan,1991,640
pan,1992,652
pan,1993,679
pan,1994,486
pan,1995,160
pan,1996,149
pan,1997,122
pan,1998,85
pan,1999,72
pan,2000,376
pan,2001,111
pan,2002,152
pan,2003,239
pan,2004,109
pan,2005,100
pan,2006,95
pan,2007,143
pan,2008,147
pan,2009,145
pan,2010,153
pan,2011,134
pan,2012,138
pan,2013,133
pan,2014,119
pan,2015,125
pan,2016,124
pan,2017,142
pan,2018,170
per,1988,4
per,1989,28
per,1990,256
per,1991,475
per,1992,727
per,1993,1983
per,1994,4345
per,1995,5914
per,1996,6743
per,1997,6610
per,1998,7074
per,1999,7231
per,2000,9391
per,2001,9266
per,2002,10030
per,2003,8365
per,2004,6883
per,2005,6517
per,2006,8915
per,2007,10808
per,2008,9843
per,2009,12088
per,2010,10611
per,2011,5990
per,2012,5553
per,2013,5472
per,2014,5376
per,2015,5138
per,2016,4910
per,2017,6083
per,2018,7454
phl,1977,90000
phl,1978,92000
phl,1979,90000
phl,1980,90000
phl,1981,90000
phl,1982,90000
phl,1983,100000
phl,1984,100000
phl,1985,90000
phl,1986,90000
phl,1987,90000
phl,1988,90000
phl,1989,90000
phl,1990,10
phl,1991,15
phl,1992,46
phl,1993,113
phl,1994,436
phl,1995,516
phl,1996,598
phl,1997,525
phl,1998,45601
phl,1999,45520
phl,2000,47339
phl,2001,47311
phl,2002,47631
phl,2003,59444
phl,2004,62736
phl,2005,62647
phl,2006,63001
phl,2007,63624
phl,2008,63578
phl,2009,63111
phl,2010,221154
phl,2011,240786
phl,2012,418740
phl,2013,410619
phl,2014,322991
phl,2015,400573
phl,2016,426651
phl,2017,718991
phl,2018,607644
plw,2000,1
plw,2002,2
plw,2003,2
plw,2004,2
plw,2005,1
plw,2006,1
plw,2007,2
plw,2008,1
plw,2012,1
plw,2013,7
plw,2014,5
plw,2015,4
plw,2016,4
plw,2017,4
png,1995,2000
png,1996,2008
png,1997,808
png,1998,220
png,1999,9
png,2000,11
png,2001,11
png,2002,24
png,2003,28
png,2004,20
png,2005,44
png,2006,40
png,2007,60
png,2008,65
png,2009,82
png,2010,131
png,2011,177
png,2012,260
png,2013,370
png,2014,505
png,2015,539
png,2016,663
png,2017,768
png,2018,864
pol,1970,150
pol,1971,150
pol,1972,140
pol,1973,100
pol,1974,70
pol,1975,60
pol,1976,50
pol,1978,50
pol,1980,471
pol,1981,505
pol,1982,775
pol,1983,761
pol,1984,994
pol,1985,1655
pol,1986,1102
pol,1987,1475
pol,1988,23266
pol,1989,23072
pol,1990,25632
pol,1991,21643
pol,1992,14518
pol,1993,13390
pol,1994,35938
pol,1995,19732
pol,1996,12870
pol,1997,7294
pol,1998,1880
pol,1999,1245
pol,2000,1416
pol,2001,4071
pol,2002,17533
pol,2003,16113
pol,2004,11255
pol,2005,20253
pol,2006,13892
pol,2007,3107
pol,2008,2618
pol,2009,2306
pol,2010,1920
pol,2011,2171
pol,2012,1963
pol,2013,1709
pol,2014,1583
pol,2015,1701
pol,2016,1720
pol,2017,1896
pol,2018,1977
pri,1994,12
pri,1995,12
pri,1996,12
prk,1994,3
prk,1995,7
prk,1996,11
prk,1997,1
prk,1998,9
prk,1999,13
prk,2000,67
prk,2001,72
prk,2002,330
prk,2003,349
prk,2004,412
prk,2005,403
prk,2006,503
prk,2007,842
prk,2008,1097
prk,2009,1010
prk,2010,1195
prk,2011,1601
prk,2012,2159
prk,2013,2119
prk,2014,1522
prk,2015,1331
prk,2016,1955
prk,2017,1751
prk,2018,929
prt,1994,25
prt,1995,25
prt,1996,217
prt,1997,213
prt,1998,18
prt,1999,15
prt,2000,99
prt,2001,162
prt,2002,613
prt,2003,456
prt,2004,261
prt,2005,201
prt,2006,72
prt,2007,75
prt,2008,71
prt,2009,79
prt,2010,94
prt,2011,97
prt,2012,82
prt,2013,76
prt,2014,65
prt,2015,93
prt,2016,97
prt,2017,176
prt,2018,240
pry,1990,19
pry,1991,8
pry,1992,9
pry,1993,14
pry,1994,71
pry,1995,51
pry,1996,44
pry,1997,20
pry,1998,21
pry,1999,18
pry,2000,33
pry,2001,28
pry,2002,80
pry,2003,86
pry,2004,84
pry,2005,79
pry,2006,142
pry,2007,147
pry,2008,133
pry,2009,109
pry,2010,110
pry,2011,113
pry,2012,125
pry,2013,125
pry,2014,129
pry,2015,163
pry,2016,186
pry,2017,247
pry,2018,337
pse,1976,3200
pse,1982,9800
pse,1983,9110
pse,1985,31642
pse,1986,52704
pse,1987,2004
pse,1988,5014
pse,1989,8041
pse,1990,8521
pse,1991,65177
pse,1992,95343
pse,1993,81474
pse,1994,82578
pse,1995,72771
pse,1996,80242
pse,1997,88821
pse,1998,89534
pse,1999,110604
pse,2000,117187
pse,2001,356055
pse,2002,435794
pse,2003,357654
pse,2004,356895
pse,2005,356742
pse,2006,341531
pse,2007,343680
pse,2008,342681
pse,2009,97702
pse,2010,96545
pse,2011,95930
pse,2012,97356
pse,2013,102757
pse,2014,104049
pse,2015,104786
pse,2016,105979
pse,2017,110120
pse,2018,115591
pyf,2003,1
pyf,2005,1
pyf,2006,1
qat,1994,49
qat,1995,30
qat,1996,18
qat,1997,19
qat,1998,23
qat,1999,8
qat,2000,31
qat,2001,31
qat,2002,39
qat,2003,31
qat,2004,14
qat,2005,18
qat,2006,58
qat,2007,64
qat,2008,74
qat,2009,73
qat,2010,119
qat,2011,102
qat,2012,130
qat,2013,22
qat,2014,30
qat,2015,34
qat,2016,52
qat,2017,64
qat,2018,63
rou,1970,100
rou,1971,60
rou,1972,90
rou,1973,90
rou,1974,70
rou,1975,70
rou,1978,60
rou,1980,772
rou,1981,854
rou,1982,1157
rou,1983,1211
rou,1984,962
rou,1985,2401
rou,1986,1024
rou,1987,1890
rou,1988,20247
rou,1989,45978
rou,1990,51472
rou,1991,27327
rou,1992,25118
rou,1993,23572
rou,1994,22282
rou,1995,16980
rou,1996,11899
rou,1997,8951
rou,1998,10921
rou,1999,8558
rou,2000,9814
rou,2001,8861
rou,2002,11144
rou,2003,10556
rou,2004,7383
rou,2005,12631
rou,2006,8554
rou,2007,5872
rou,2008,5148
rou,2009,4779
rou,2010,4260
rou,2011,3901
rou,2012,3424
rou,2013,3487
rou,2014,2975
rou,2015,3113
rou,2016,3699
rou,2017,4465
rou,2018,5400
rus,1964,120
rus,1966,17970
rus,1970,170
rus,1971,160
rus,1972,150
rus,1973,110
rus,1974,80
rus,1975,70
rus,1976,60
rus,1977,50
rus,1978,50
rus,1980,10821
rus,1981,11562
rus,1982,11569
rus,1983,11574
rus,1984,11577
rus,1985,11582
rus,1986,10226
rus,1987,8683
rus,1988,33636
rus,1989,68496
rus,1990,117736
rus,1991,155576
rus,1992,213802
rus,1993,243313
rus,1994,342197
rus,1995,335035
rus,1996,335052
rus,1997,1492105
rus,1998,1153119
rus,1999,1280351
rus,2000,1253385
rus,2001,1063772
rus,2002,951490
rus,2003,796084
rus,2004,667566
rus,2005,423015
rus,2006,471690
rus,2007,301792
rus,2008,211753
rus,2009,203911
rus,2010,198896
rus,2011,164530
rus,2012,136419
rus,2013,109877
rus,2014,98371
rus,2015,94544
rus,2016,97810
rus,2017,100235
rus,2018,104716
rwa,1961,147000
rwa,1962,147000
rwa,1963,154000
rwa,1964,166300
rwa,1965,162700
rwa,1966,160300
rwa,1967,160230
rwa,1968,160100
rwa,1969,161680
rwa,1970,146310
rwa,1971,141970
rwa,1972,153990
rwa,1973,164195
rwa,1974,178590
rwa,1975,175770
rwa,1976,176840
rwa,1977,169780
rwa,1978,175110
rwa,1979,176540
rwa,1980,286651
rwa,1981,284221
rwa,1982,328111
rwa,1983,321761
rwa,1984,357111
rwa,1985,378951
rwa,1986,371911
rwa,1987,353441
rwa,1988,327539
rwa,1989,319501
rwa,1990,361322
rwa,1991,431240
rwa,1992,434876
rwa,1993,450769
rwa,1994,3765578
rwa,1995,2060064
rwa,1996,1879918
rwa,1997,310334
rwa,1998,717785
rwa,1999,755358
rwa,2000,170129
rwa,2001,132085
rwa,2002,124944
rwa,2003,108705
rwa,2004,83189
rwa,2005,125998
rwa,2006,107568
rwa,2007,98711
rwa,2008,90431
rwa,2009,154518
rwa,2010,136749
rwa,2011,124613
rwa,2012,119014
rwa,2013,104242
rwa,2014,100081
rwa,2015,308170
rwa,2016,309891
rwa,2017,296529
rwa,2018,279256
sau,1993,7
sau,1994,183
sau,1995,260
sau,1996,242
sau,1997,358
sau,1998,362
sau,1999,233
sau,2000,129
sau,2001,188
sau,2002,220
sau,2003,339
sau,2004,301
sau,2005,222
sau,2006,671
sau,2007,797
sau,2008,751
sau,2009,690
sau,2010,747
sau,2011,857
sau,2012,968
sau,2013,806
sau,2014,1033
sau,2015,1286
sau,2016,1945
sau,2017,2421
sau,2018,2898
sdn,1963,13000
sdn,1964,20300
sdn,1965,81560
sdn,1966,116000
sdn,1967,120990
sdn,1968,177500
sdn,1969,171000
sdn,1970,173260
sdn,1971,174270
sdn,1972,213380
sdn,1973,132930
sdn,1974,12150
sdn,1975,11000
sdn,1976,10600
sdn,1977,10850
sdn,1978,10850
sdn,1979,10850
sdn,1980,10852
sdn,1981,5482
sdn,1982,5352
sdn,1983,31002
sdn,1984,180062
sdn,1985,181255
sdn,1986,132759
sdn,1987,253216
sdn,1988,348630
sdn,1989,438899
sdn,1990,542438
sdn,1991,566242
sdn,1992,271897
sdn,1993,401518
sdn,1994,405138
sdn,1995,445310
sdn,1996,476422
sdn,1997,433928
sdn,1998,395122
sdn,1999,489128
sdn,2000,513744
sdn,2001,514961
sdn,2002,523276
sdn,2003,613059
sdn,2004,1405202
sdn,2005,1567581
sdn,2006,2082413
sdn,2007,2007976
sdn,2008,1749986
sdn,2009,1619296
sdn,2010,2185171
sdn,2011,3283398
sdn,2012,2574830
sdn,2013,2587056
sdn,2014,2909808
sdn,2015,4080416
sdn,2016,2960423
sdn,2017,3141656
sdn,2018,2658127
sen,1988,5
sen,1989,15006
sen,1990,60006
sen,1991,25138
sen,1992,16176
sen,1993,23699
sen,1994,25622
sen,1995,17592
sen,1996,17633
sen,1997,17163
sen,1998,9716
sen,1999,12031
sen,2000,12022
sen,2001,12259
sen,2002,12875
sen,2003,9193
sen,2004,9885
sen,2005,10521
sen,2006,16406
sen,2007,16801
sen,2008,16827
sen,2009,16938
sen,2010,17802
sen,2011,18659
sen,2012,21387
sen,2013,24529
sen,2014,31918
sen,2015,35591
sen,2016,39380
sen,2017,51725
sen,2018,35585
serbia_kosovo,1969,130
serbia_kosovo,1970,150
serbia_kosovo,1971,140
serbia_kosovo,1972,130
serbia_kosovo,1973,130
serbia_kosovo,1974,120
serbia_kosovo,1975,120
serbia_kosovo,1978,4200
serbia_kosovo,1980,270
serbia_kosovo,1981,214
serbia_kosovo,1982,177
serbia_kosovo,1983,157
serbia_kosovo,1984,91
serbia_kosovo,1985,91
serbia_kosovo,1986,72
serbia_kosovo,1987,42
serbia_kosovo,1988,99
serbia_kosovo,1989,98
serbia_kosovo,1990,1745
serbia_kosovo,1991,53323
serbia_kosovo,1992,93581
serbia_kosovo,1993,58253
serbia_kosovo,1994,55092
serbia_kosovo,1995,86612
serbia_kosovo,1996,108145
serbia_kosovo,1997,109047
serbia_kosovo,1998,452610
serbia_kosovo,1999,1273484
serbia_kosovo,2000,672985
serbia_kosovo,2001,571803
serbia_kosovo,2002,706576
serbia_kosovo,2003,664636
serbia_kosovo,2004,597426
serbia_kosovo,2005,547821
serbia_kosovo,2006,513661
serbia_kosovo,2007,409175
serbia_kosovo,2008,439373
serbia_kosovo,2009,446775
serbia_kosovo,2010,438729
serbia_kosovo,2011,416206
serbia_kosovo,2012,406945
serbia_kosovo,2013,304000
serbia_kosovo,2014,299333
serbia_kosovo,2015,312812
serbia_kosovo,2016,278910
serbia_kosovo,2017,65160
serbia_kosovo,2018,241194
sgp,1988,8
sgp,1989,3
sgp,1992,1
sgp,1993,1
sgp,1994,9
sgp,1995,9
sgp,1996,19
sgp,1997,22
sgp,1998,23
sgp,1999,25
sgp,2000,40
sgp,2001,35
sgp,2002,60
sgp,2003,58
sgp,2004,53
sgp,2005,67
sgp,2006,124
sgp,2007,135
sgp,2008,125
sgp,2009,93
sgp,2010,89
sgp,2011,90
sgp,2012,98
sgp,2013,99
sgp,2014,97
sgp,2015,104
sgp,2016,96
sgp,2017,99
sgp,2018,99
sjm,2015,1
slb,1995,34
slb,1996,34
slb,1997,34
slb,1998,34
slb,1999,34
slb,2000,57
slb,2001,55
slb,2002,58
slb,2003,71
slb,2004,71
slb,2005,38
slb,2006,65
slb,2007,70
slb,2008,52
slb,2009,66
slb,2010,75
slb,2011,76
slb,2012,68
slb,2013,72
slb,2014,91
slb,2015,108
slb,2016,149
slb,2017,163
slb,2018,178
sle,1988,8
sle,1989,9
sle,1990,9
sle,1991,142614
sle,1992,266572
sle,1993,846072
sle,1994,1057415
sle,1995,1034095
sle,1996,1030208
sle,1997,1001127
sle,1998,1270718
sle,1999,993563
sle,2000,950606
sle,2001,280521
sle,2002,224928
sle,2003,110753
sle,2004,76205
sle,2005,46637
sle,2006,48636
sle,2007,37157
sle,2008,35480
sle,2009,23249
sle,2010,14543
sle,2011,11073
sle,2012,10135
sle,2013,9266
sle,2014,9688
sle,2015,9888
sle,2016,10838
sle,2017,11058
sle,2018,12143
slv,1980,91630
slv,1981,304860
slv,1982,242720
slv,1983,245100
slv,1984,245410
slv,1985,181224
slv,1986,172054
slv,1987,173504
slv,1988,169873
slv,1989,42732
slv,1990,38309
slv,1991,35599
slv,1992,33766
slv,1993,26770
slv,1994,31164
slv,1995,23726
slv,1996,20869
slv,1997,17256
slv,1998,12665
slv,1999,12440
slv,2000,185164
slv,2001,172139
slv,2002,158219
slv,2003,134323
slv,2004,96269
slv,2005,49486
slv,2006,35171
slv,2007,24637
slv,2008,16311
slv,2009,14802
slv,2010,6531
slv,2011,8356
slv,2012,9819
slv,2013,20906
slv,2014,29006
slv,2015,56332
slv,2016,91581
slv,2017,206469
slv,2018,250584
smr,1997,2
smr,1998,4
smr,1999,4
smr,2000,6
smr,2001,1
smr,2002,3
smr,2003,2
smr,2004,1
smr,2005,4
smr,2006,4
smr,2007,3
smr,2008,2
smr,2009,2
smr,2010,2
smr,2011,1
smr,2012,1
smr,2013,1
smr,2014,1
smr,2015,2
smr,2016,2
som,1975,110
som,1976,50
som,1977,60
som,1978,90
som,1979,90
som,1980,134
som,1981,34
som,1982,118
som,1983,39
som,1984,639
som,1985,1830
som,1986,3142
som,1987,60162
som,1988,351993
som,1989,360309
som,1990,490364
som,1991,733024
som,1992,817113
som,1993,641230
som,1994,692600
som,1995,681807
som,1996,838785
som,1997,927435
som,1998,678583
som,1999,552564
som,2000,553581
som,2001,509664
som,2002,480326
som,2003,429387
som,2004,429908
som,2005,839997
som,2006,889903
som,2007,1476006
som,2008,1860374
som,2009,2249454
som,2010,2256807
som,2011,2465413
som,2012,2313646
som,2013,2432288
som,2014,2306072
som,2015,2351000
som,2016,2671755
som,2017,3203082
som,2018,3741101
spm,2015,1
spm,2016,2
ssd,2011,561074
ssd,2012,453598
ssd,2013,476646
ssd,2014,2465460
ssd,2015,2573451
ssd,2016,4048612
ssd,2017,4363151
ssd,2018,4322265
stateless,1980,8
stateless,1981,29
stateless,1982,32
stateless,1983,32
stateless,1984,1132
stateless,1985,45534
stateless,1986,42832
stateless,1987,37032
stateless,1988,36578
stateless,1989,37195
stateless,1990,38216
stateless,1991,38059
stateless,1992,34204
stateless,1993,28591
stateless,1994,27927
stateless,1995,26139
stateless,1996,23702
stateless,1997,178634
stateless,1998,264708
stateless,1999,423871
stateless,2000,559107
stateless,2001,263836
stateless,2002,259645
stateless,2003,223948
stateless,2004,1472915
stateless,2005,2397887
stateless,2006,5819328
stateless,2007,2953193
stateless,2008,6589277
stateless,2009,6578826
stateless,2010,3484139
stateless,2011,3497525
stateless,2012,3358667
stateless,2013,3495128
stateless,2014,3531865
stateless,2015,3743789
stateless,2016,3301618
stateless,2017,2858427
stateless,2018,2883188
stp,1985,50
stp,1990,1
stp,1991,1
stp,1992,1
stp,1993,1
stp,1994,30
stp,1995,36
stp,1996,49
stp,1997,43
stp,1998,42
stp,1999,30
stp,2000,32
stp,2001,40
stp,2002,39
stp,2003,43
stp,2004,39
stp,2005,24
stp,2006,32
stp,2007,33
stp,2008,35
stp,2009,33
stp,2010,33
stp,2011,33
stp,2012,33
stp,2013,33
stp,2014,28
stp,2015,34
stp,2016,41
stp,2017,49
stp,2018,51
sur,1989,6601
sur,1990,6620
sur,1991,6551
sur,1992,7125
sur,1993,893
sur,1994,915
sur,1995,817
sur,1996,754
sur,1997,663
sur,1998,491
sur,1999,411
sur,2000,386
sur,2001,291
sur,2002,149
sur,2003,107
sur,2004,85
sur,2005,50
sur,2006,91
sur,2007,75
sur,2008,63
sur,2009,57
sur,2010,32
sur,2011,28
sur,2012,34
sur,2013,38
sur,2014,64
sur,2015,69
sur,2016,48
sur,2017,60
sur,2018,75
svk,1994,12
svk,1995,26
svk,1996,57
svk,1997,70
svk,1998,143
svk,1999,178
svk,2000,1018
svk,2001,863
svk,2002,1301
svk,2003,1067
svk,2004,830
svk,2005,994
svk,2006,1023
svk,2007,446
svk,2008,463
svk,2009,687
svk,2010,585
svk,2011,810
svk,2012,870
svk,2013,720
svk,2014,646
svk,2015,874
svk,2016,1380
svk,2017,1608
svk,2018,1603
svn,1993,28429
svn,1994,14829
svn,1995,12860
svn,1996,3368
svn,1997,3414
svn,1998,3302
svn,1999,3295
svn,2000,3306
svn,2001,792
svn,2002,893
svn,2003,638
svn,2004,595
svn,2005,176
svn,2006,1776
svn,2007,63
svn,2008,64
svn,2009,58
svn,2010,54
svn,2011,40
svn,2012,47
svn,2013,44
svn,2014,33
svn,2015,36
svn,2016,37
svn,2017,29
svn,2018,24
swe,1994,11
swe,1995,25
swe,1996,38
swe,1997,40
swe,1998,41
swe,1999,31
swe,2000,23
swe,2001,14
swe,2002,44
swe,2003,56
swe,2004,37
swe,2005,85
swe,2006,34
swe,2007,23
swe,2008,33
swe,2009,34
swe,2010,53
swe,2011,46
swe,2012,60
swe,2013,25
swe,2014,28
swe,2015,33
swe,2016,35
swe,2017,26
swe,2018,46
swz,1993,1
swz,1994,13
swz,1995,15
swz,1996,17
swz,1997,20
swz,1998,30
swz,1999,28
swz,2000,20
swz,2001,19
swz,2002,24
swz,2003,16
swz,2004,23
swz,2005,18
swz,2006,27
swz,2007,91
swz,2008,131
swz,2009,88
swz,2010,88
swz,2011,178
swz,2012,230
swz,2013,257
swz,2014,308
swz,2015,390
swz,2016,383
swz,2017,265
swz,2018,269
syc,1983,2
syc,1984,2
syc,1985,2
syc,1986,2
syc,1987,2
syc,1988,51
syc,1989,51
syc,1990,60
syc,1991,69
syc,1992,61
syc,1993,28
syc,1994,553
syc,1995,339
syc,1996,138
syc,1997,33
syc,1998,39
syc,1999,29
syc,2000,35
syc,2001,37
syc,2002,72
syc,2003,53
syc,2004,54
syc,2005,50
syc,2006,69
syc,2007,66
syc,2008,69
syc,2009,58
syc,2010,53
syc,2011,48
syc,2012,30
syc,2013,31
syc,2014,42
syc,2015,42
syc,2016,22
syc,2017,5
syr,1968,1200
syr,1969,1200
syr,1979,500
syr,1980,502
syr,1981,504
syr,1982,6504
syr,1983,526
syr,1984,529
syr,1985,2599
syr,1986,604
syr,1987,20
syr,1988,881
syr,1989,397
syr,1990,2148
syr,1991,3037
syr,1992,4408
syr,1993,5404
syr,1994,7096
syr,1995,7994
syr,1996,8610
syr,1997,8653
syr,1998,8127
syr,1999,6695
syr,2000,9607
syr,2001,8733
syr,2002,23189
syr,2003,24371
syr,2004,25386
syr,2005,23424
syr,2006,19854
syr,2007,20582
syr,2008,21208
syr,2009,23484
syr,2010,28216
syr,2011,48497
syr,2012,2847018
syr,2013,9180330
syr,2014,11606524
syr,2015,11690998
syr,2016,12643092
syr,2017,13288309
syr,2018,13197193
tca,2002,4
tca,2003,4
tca,2004,1
tca,2005,2
tca,2006,2
tca,2007,1
tca,2008,1
tca,2009,1
tca,2010,3
tca,2011,20
tca,2012,23
tca,2013,20
tca,2014,15
tca,2015,15
tca,2016,19
tca,2017,14
tca,2018,14
tcd,1970,1900
tcd,1971,1400
tcd,1972,1500
tcd,1973,1500
tcd,1979,10000
tcd,1980,221000
tcd,1981,347400
tcd,1982,170950
tcd,1983,16804
tcd,1984,186556
tcd,1985,301608
tcd,1986,214228
tcd,1987,157068
tcd,1988,135020
tcd,1989,130784
tcd,1990,190696
tcd,1991,129689
tcd,1992,76191
tcd,1993,219272
tcd,1994,212355
tcd,1995,70012
tcd,1996,60633
tcd,1997,57636
tcd,1998,62470
tcd,1999,60927
tcd,2000,60012
tcd,2001,52996
tcd,2002,49838
tcd,2003,55201
tcd,2004,55384
tcd,2005,55960
tcd,2006,152437
tcd,2007,237356
tcd,2008,267222
tcd,2009,250439
tcd,2010,237465
tcd,2011,176857
tcd,2012,170201
tcd,2013,72674
tcd,2014,86935
tcd,2015,100266
tcd,2016,158465
tcd,2017,157675
tcd,2018,203630
tgo,1984,1
tgo,1985,5
tgo,1986,5
tgo,1987,5
tgo,1988,5
tgo,1989,6
tgo,1990,6
tgo,1991,18
tgo,1992,106
tgo,1993,291438
tgo,1994,294213
tgo,1995,171995
tgo,1996,91888
tgo,1997,19545
tgo,1998,4000
tgo,1999,3692
tgo,2000,5297
tgo,2001,6326
tgo,2002,13234
tgo,2003,16352
tgo,2004,16399
tgo,2005,67589
tgo,2006,44843
tgo,2007,27219
tgo,2008,22679
tgo,2009,19632
tgo,2010,19391
tgo,2011,20935
tgo,2012,18816
tgo,2013,11960
tgo,2014,11018
tgo,2015,10941
tgo,2016,10972
tgo,2017,11855
tgo,2018,11549
tha,1989,2
tha,1990,20
tha,1991,30
tha,1992,35
tha,1993,36
tha,1994,139
tha,1995,211
tha,1996,284
tha,1997,272
tha,1998,295
tha,1999,318
tha,2000,361
tha,2001,252
tha,2002,597
tha,2003,450
tha,2004,413
tha,2005,650
tha,2006,3534
tha,2007,2696
tha,2008,2232
tha,2009,903
tha,2010,584
tha,2011,556
tha,2012,558
tha,2013,396
tha,2014,648
tha,2015,1059
tha,2016,1115
tha,2017,1486
tha,2018,2956
tibetan,1964,51000
tibetan,1965,52000
tibetan,1966,52000
tibetan,1967,57180
tibetan,1968,62730
tibetan,1969,64140
tibetan,1970,64560
tibetan,1971,64110
tibetan,1972,65680
tibetan,1973,66840
tibetan,1974,68000
tibetan,1975,8200
tibetan,1976,8300
tibetan,1977,8400
tibetan,1978,8500
tibetan,1979,8600
tibetan,1980,8700
tibetan,1981,8800
tibetan,1982,9800
tibetan,1983,10800
tibetan,1984,11800
tibetan,1985,12800
tibetan,1986,13800
tibetan,1987,14800
tibetan,1988,15800
tibetan,1989,16800
tibetan,1990,17800
tibetan,1991,18800
tibetan,1992,19800
tibetan,1993,21132
tibetan,1994,21164
tibetan,1995,20035
tibetan,1996,20037
tibetan,1997,20506
tibetan,1998,21229
tibetan,1999,21040
tibetan,2000,20968
tibetan,2001,20721
tibetan,2002,20632
tibetan,2003,20743
tibetan,2004,20778
tibetan,2005,21135
tibetan,2006,20572
tibetan,2007,20313
tibetan,2008,20140
tibetan,2009,20193
tibetan,2010,15225
tibetan,2011,15197
tibetan,2012,15003
tibetan,2013,15086
tibetan,2014,15085
tibetan,2015,15085
tibetan,2016,13543
tibetan,2017,13551
tibetan,2018,13527
tjk,1992,60008
tjk,1993,590108
tjk,1994,91469
tjk,1995,76994
tjk,1996,139501
tjk,1997,88135
tjk,1998,61260
tjk,1999,49861
tjk,2000,62085
tjk,2001,58854
tjk,2002,64919
tjk,2003,59413
tjk,2004,57015
tjk,2005,54942
tjk,2006,2039
tjk,2007,999
tjk,2008,694
tjk,2009,831
tjk,2010,908
tjk,2011,995
tjk,2012,1121
tjk,2013,1266
tjk,2014,1684
tjk,2015,2250
tjk,2016,4124
tjk,2017,4960
tjk,2018,4866
tkm,1994,7
tkm,1995,47
tkm,1996,2937
tkm,1997,3181
tkm,1998,1721
tkm,1999,1051
tkm,2000,350
tkm,2001,354
tkm,2002,931
tkm,2003,1004
tkm,2004,997
tkm,2005,996
tkm,2006,848
tkm,2007,827
tkm,2008,852
tkm,2009,819
tkm,2010,804
tkm,2011,808
tkm,2012,855
tkm,2013,842
tkm,2014,1243
tkm,2015,1670
tkm,2016,1450
tkm,2017,1449
tkm,2018,1680
tls,1999,290000
tls,2000,175760
tls,2001,91246
tls,2002,60492
tls,2003,969
tls,2004,666
tls,2005,254
tls,2006,167218
tls,2007,72598
tls,2008,15869
tls,2009,7
tls,2010,9
tls,2011,9
tls,2012,16
tls,2013,19
tls,2014,23
tls,2015,27
tls,2016,26
tls,2017,17
tls,2018,12
ton,1996,3
ton,1997,3
ton,1998,2
ton,1999,2
ton,2000,23
ton,2001,49
ton,2002,74
ton,2003,52
ton,2004,18
ton,2005,14
ton,2006,23
ton,2007,23
ton,2008,33
ton,2009,30
ton,2010,16
ton,2011,32
ton,2012,52
ton,2013,81
ton,2014,105
ton,2015,86
ton,2016,105
ton,2017,141
ton,2018,203
tto,1990,1
tto,1991,1
tto,1992,1
tto,1993,1
tto,1994,13
tto,1995,14
tto,1996,16
tto,1997,21
tto,1998,26
tto,1999,25
tto,2000,141
tto,2001,195
tto,2002,356
tto,2003,327
tto,2004,213
tto,2005,272
tto,2006,311
tto,2007,386
tto,2008,470
tto,2009,512
tto,2010,401
tto,2011,402
tto,2012,425
tto,2013,464
tto,2014,544
tto,2015,569
tto,2016,542
tto,2017,629
tto,2018,634
tun,1980,2
tun,1981,2
tun,1982,2
tun,1983,5
tun,1984,6
tun,1985,6
tun,1986,6
tun,1987,6
tun,1988,7
tun,1989,9
tun,1990,42
tun,1991,63
tun,1992,86
tun,1993,108
tun,1994,212
tun,1995,333
tun,1996,408
tun,1997,698
tun,1998,932
tun,1999,1240
tun,2000,1570
tun,2001,1764
tun,2002,2976
tun,2003,2948
tun,2004,2862
tun,2005,3494
tun,2006,3198
tun,2007,2854
tun,2008,2717
tun,2009,2765
tun,2010,2732
tun,2011,3570
tun,2012,4226
tun,2013,3162
tun,2014,3406
tun,2015,3928
tun,2016,3757
tun,2017,4136
tun,2018,4705
tur,1972,250
tur,1977,70
tur,1978,60
tur,1979,60
tur,1982,380
tur,1983,540
tur,1984,1040
tur,1985,1120
tur,1986,852
tur,1987,1084
tur,1988,150
tur,1989,2834
tur,1990,5508
tur,1991,6452
tur,1992,10089
tur,1993,16768
tur,1994,28873
tur,1995,44866
tur,1996,50483
tur,1997,48512
tur,1998,45647
tur,1999,44120
tur,2000,57662
tur,2001,60461
tur,2002,206224
tur,2003,193663
tur,2004,179885
tur,2005,181904
tur,2006,239441
tur,2007,231287
tur,2008,222917
tur,2009,155706
tur,2010,154563
tur,2011,146679
tur,2012,144238
tur,2013,77144
tur,2014,75462
tur,2015,71671
tur,2016,81198
tur,2017,95155
tur,2018,111676
tuv,1995,3
tuv,1996,3
tuv,1997,3
tuv,1998,3
tuv,1999,3
tuv,2000,3
tuv,2001,4
tuv,2002,4
tuv,2003,3
tuv,2004,3
tuv,2006,3
tuv,2007,2
tuv,2008,2
tuv,2011,2
tuv,2012,6
tuv,2013,4
tuv,2014,6
tuv,2015,3
tuv,2016,3
tza,1974,320
tza,1976,90
tza,1977,300
tza,1978,300
tza,1979,600
tza,1980,301
tza,1981,3001
tza,1982,501
tza,1983,501
tza,1984,501
tza,1985,1
tza,1987,2000
tza,1988,5
tza,1989,9
tza,1990,8
tza,1991,11
tza,1992,21
tza,1993,32
tza,1994,62
tza,1995,68
tza,1996,71
tza,1997,66
tza,1998,7422
tza,1999,7441
tza,2000,1872
tza,2001,3199
tza,2002,3089
tza,2003,4290
tza,2004,5335
tza,2005,6799
tza,2006,1897
tza,2007,4176
tza,2008,4171
tza,2009,156458
tza,2010,163612
tza,2011,1722
tza,2012,1978
tza,2013,2067
tza,2014,1943
tza,2015,2427
tza,2016,1847
tza,2017,2090
tza,2018,2356
uga,1973,950
uga,1974,2630
uga,1975,2510
uga,1976,3250
uga,1977,8000
uga,1978,38820
uga,1979,113500
uga,1980,257501
uga,1981,218941
uga,1982,397285
uga,1983,321586
uga,1984,352491
uga,1985,362270
uga,1986,295922
uga,1987,195021
uga,1988,107135
uga,1989,40398
uga,1990,58900
uga,1991,39446
uga,1992,37448
uga,1993,34561
uga,1994,35467
uga,1995,28737
uga,1996,28673
uga,1997,56499
uga,1998,14308
uga,1999,14173
uga,2000,33916
uga,2001,41244
uga,2002,42731
uga,2003,42490
uga,2004,35268
uga,2005,38562
uga,2006,1914308
uga,2007,1839494
uga,2008,1466792
uga,2009,862551
uga,2010,436040
uga,2011,133283
uga,2012,8719
uga,2013,61952
uga,2014,191987
uga,2015,193954
uga,2016,191558
uga,2017,196527
uga,2018,197913
ukr,1992,38
ukr,1993,134
ukr,1994,917
ukr,1995,1701
ukr,1996,6115
ukr,1997,6348
ukr,1998,5166
ukr,1999,12238
ukr,2000,22459
ukr,2001,32616
ukr,2002,90140
ukr,2003,97014
ukr,2004,92239
ukr,2005,86899
ukr,2006,67210
ukr,2007,28408
ukr,2008,30323
ukr,2009,26066
ukr,2010,26371
ukr,2011,26433
ukr,2012,26467
ukr,2013,6810
ukr,2014,1076165
ukr,2015,1943792
ukr,2016,2066950
ukr,2017,1977229
ukr,2018,1625179
ury,1974,3000
ury,1975,570
ury,1976,1160
ury,1980,24
ury,1981,24
ury,1982,525
ury,1983,1985
ury,1984,265
ury,1985,1837
ury,1986,107
ury,1987,39
ury,1988,32
ury,1989,202
ury,1990,842
ury,1991,601
ury,1992,429
ury,1993,162
ury,1994,378
ury,1995,266
ury,1996,201
ury,1997,89
ury,1998,74
ury,1999,39
ury,2000,216
ury,2001,355
ury,2002,570
ury,2003,600
ury,2004,211
ury,2005,173
ury,2006,219
ury,2007,229
ury,2008,250
ury,2009,250
ury,2010,237
ury,2011,231
ury,2012,207
ury,2013,171
ury,2014,170
ury,2015,153
ury,2016,135
ury,2017,179
ury,2018,197
usa,1990,1
usa,1991,8
usa,1992,10
usa,1993,13
usa,1994,366
usa,1995,245
usa,1996,143
usa,1997,75
usa,1998,51
usa,1999,41
usa,2000,269
usa,2001,330
usa,2002,618
usa,2003,747
usa,2004,724
usa,2005,946
usa,2006,1754
usa,2007,3290
usa,2008,3892
usa,2009,3824
usa,2010,3907
usa,2011,4383
usa,2012,4891
usa,2013,5066
usa,2014,5194
usa,2015,5105
usa,2016,606
usa,2017,2477
usa,2018,3119
uzb,1993,2
uzb,1994,29060
uzb,1995,143
uzb,1996,69751
uzb,1997,69069
uzb,1998,52460
uzb,1999,45534
uzb,2000,55653
uzb,2001,11544
uzb,2002,10874
uzb,2003,9348
uzb,2004,9059
uzb,2005,9798
uzb,2006,11260
uzb,2007,7502
uzb,2008,8153
uzb,2009,8262
uzb,2010,10457
uzb,2011,14180
uzb,2012,13033
uzb,2013,6737
uzb,2014,6875
uzb,2015,6888
uzb,2016,6854
uzb,2017,6914
uzb,2018,7822
various_unknown,1951,2116011
various_unknown,1952,1952928
various_unknown,1953,1847304
various_unknown,1954,1749628
various_unknown,1955,1717966
various_unknown,1956,1767975
various_unknown,1957,1742514
various_unknown,1958,1689310
various_unknown,1959,1674185
various_unknown,1960,1506664
various_unknown,1961,1487067
various_unknown,1962,1443622
various_unknown,1963,1329403
various_unknown,1964,1328259
various_unknown,1965,1529635
various_unknown,1966,1335883
various_unknown,1967,1341211
various_unknown,1968,1300916
various_unknown,1969,1394567
various_unknown,1970,1290650
various_unknown,1971,2045400
various_unknown,1972,1943460
various_unknown,1973,1804005
various_unknown,1974,1822523
various_unknown,1975,1920754
various_unknown,1976,2472681
various_unknown,1977,2178724
various_unknown,1978,1847754
various_unknown,1979,1899472
various_unknown,1980,1589940
various_unknown,1981,1686966
various_unknown,1982,1725788
various_unknown,1983,1857562
various_unknown,1984,1669926
various_unknown,1985,1924451
various_unknown,1986,2355951
various_unknown,1987,2228118
various_unknown,1988,2247919
various_unknown,1989,2437768
various_unknown,1990,2572256
various_unknown,1991,2250618
various_unknown,1992,3122410
various_unknown,1993,2239708
various_unknown,1994,1804386
various_unknown,1995,2166620
various_unknown,1996,1428593
various_unknown,1997,1226584
various_unknown,1998,1250931
various_unknown,1999,1418076
various_unknown,2000,1473441
various_unknown,2001,1258776
various_unknown,2002,566106
various_unknown,2003,573241
various_unknown,2004,584525
various_unknown,2005,325978
various_unknown,2006,523851
various_unknown,2007,381297
various_unknown,2008,445846
various_unknown,2009,634421
various_unknown,2010,438681
various_unknown,2011,428897
various_unknown,2012,359876
various_unknown,2013,278873
various_unknown,2014,550697
various_unknown,2015,1181702
various_unknown,2016,408095
various_unknown,2017,357091
various_unknown,2018,429336
vct,1994,7
vct,1995,7
vct,1996,13
vct,1997,13
vct,1998,24
vct,1999,36
vct,2000,126
vct,2001,241
vct,2002,593
vct,2003,526
vct,2004,393
vct,2005,634
vct,2006,707
vct,2007,1150
vct,2008,1494
vct,2009,1922
vct,2010,1993
vct,2011,2033
vct,2012,1805
vct,2013,1761
vct,2014,1782
vct,2015,1865
vct,2016,1466
vct,2017,1437
vct,2018,1303
ven,1991,1
ven,1992,4
ven,1993,135
ven,1994,502
ven,1995,476
ven,1996,560
ven,1997,608
ven,1998,570
ven,1999,556
ven,2000,647
ven,2001,801
ven,2002,1309
ven,2003,2617
ven,2004,3952
ven,2005,5422
ven,2006,6203
ven,2007,6858
ven,2008,7333
ven,2009,7801
ven,2010,7329
ven,2011,8150
ven,2012,8707
ven,2013,9552
ven,2014,12831
ven,2015,22548
ven,2016,52626
ven,2017,502806
ven,2018,3078183
vgb,2014,1
vnm,1964,10000
vnm,1965,15000
vnm,1966,17000
vnm,1967,20000
vnm,1968,22000
vnm,1969,22000
vnm,1970,20000
vnm,1975,2210
vnm,1976,4000
vnm,1977,14380
vnm,1978,124210
vnm,1979,398050
vnm,1980,397688
vnm,1981,339728
vnm,1982,325343
vnm,1983,328399
vnm,1984,328095
vnm,1985,328727
vnm,1986,326668
vnm,1987,325717
vnm,1988,440379
vnm,1989,457852
vnm,1990,502327
vnm,1991,510947
vnm,1992,534141
vnm,1993,546859
vnm,1994,551971
vnm,1995,549875
vnm,1996,543700
vnm,1997,481731
vnm,1998,435560
vnm,1999,405504
vnm,2000,372354
vnm,2001,358737
vnm,2002,377788
vnm,2003,366119
vnm,2004,352728
vnm,2005,360939
vnm,2006,376590
vnm,2007,329789
vnm,2008,330297
vnm,2009,340678
vnm,2010,339895
vnm,2011,339219
vnm,2012,338411
vnm,2013,316178
vnm,2014,316635
vnm,2015,317792
vnm,2016,333969
vnm,2017,341228
vnm,2018,340072
vut,2000,2
vut,2001,1
vut,2009,2
vut,2010,3
vut,2011,3
vut,2012,1
vut,2013,1
vut,2014,1
vut,2015,2
vut,2016,2
vut,2017,15
vut,2018,51
wlf,2014,1
wlf,2015,1
wlf,2016,1
wsm,1994,1
wsm,1997,1
wsm,1998,1
wsm,1999,1
wsm,2000,3
wsm,2001,10
wsm,2002,5
wsm,2003,5
wsm,2004,1
wsm,2005,3
wsm,2006,5
wsm,2007,3
wsm,2008,4
wsm,2009,1
wsm,2010,3
wsm,2011,1
wsm,2012,13
wsm,2013,10
wsm,2014,11
wsm,2015,14
wsm,2016,12
wsm,2017,10
wsm,2018,42
yem,1978,15000
yem,1979,15000
yem,1980,15001
yem,1981,1
yem,1982,1
yem,1983,1
yem,1984,1
yem,1985,1
yem,1986,100001
yem,1987,70001
yem,1988,77001
yem,1989,77003
yem,1990,8
yem,1991,73
yem,1992,31
yem,1993,39
yem,1994,150
yem,1995,371
yem,1996,1254
yem,1997,1721
yem,1998,1936
yem,1999,2022
yem,2000,2976
yem,2001,2938
yem,2002,2910
yem,2003,2189
yem,2004,1983
yem,2005,1750
yem,2006,1723
yem,2007,78952
yem,2008,102250
yem,2009,252554
yem,2010,318409
yem,2011,356804
yem,2012,496374
yem,2013,403989
yem,2014,425304
yem,2015,2558016
yem,2016,3033438
yem,2017,2187236
yem,2018,2345282
zaf,1966,390
zaf,1967,450
zaf,1968,740
zaf,1969,440
zaf,1970,460
zaf,1971,850
zaf,1972,790
zaf,1973,940
zaf,1974,1380
zaf,1975,1360
zaf,1976,2180
zaf,1977,2395
zaf,1978,4220
zaf,1979,7540
zaf,1980,24250
zaf,1981,24900
zaf,1982,28510
zaf,1983,34610
zaf,1984,38560
zaf,1985,38110
zaf,1986,33220
zaf,1987,26151
zaf,1988,24958
zaf,1989,24237
zaf,1990,14783
zaf,1991,15916
zaf,1992,11416
zaf,1993,9517
zaf,1994,1795
zaf,1995,536
zaf,1996,422
zaf,1997,266
zaf,1998,235
zaf,1999,193
zaf,2000,280
zaf,2001,310
zaf,2002,463
zaf,2003,570
zaf,2004,820
zaf,2005,433
zaf,2006,674
zaf,2007,593
zaf,2008,604
zaf,2009,554
zaf,2010,594
zaf,2011,643
zaf,2012,657
zaf,2013,785
zaf,2014,964
zaf,2015,1304
zaf,2016,1416
zaf,2017,2059
zaf,2018,2862
zmb,1968,15000
zmb,1969,13000
zmb,1970,13000
zmb,1971,10750
zmb,1972,750
zmb,1973,750
zmb,1974,4000
zmb,1975,750
zmb,1976,750
zmb,1979,1000
zmb,1980,1210
zmb,1981,1200
zmb,1982,1800
zmb,1983,1200
zmb,1988,1
zmb,1989,1
zmb,1990,1
zmb,1991,1
zmb,1992,1990
zmb,1993,2038
zmb,1994,1589
zmb,1995,20
zmb,1996,40
zmb,1997,63
zmb,1998,77
zmb,1999,92
zmb,2000,221
zmb,2001,169
zmb,2002,269
zmb,2003,368
zmb,2004,506
zmb,2005,632
zmb,2006,271
zmb,2007,692
zmb,2008,690
zmb,2009,260
zmb,2010,286
zmb,2011,430
zmb,2012,505
zmb,2013,537
zmb,2014,617
zmb,2015,787
zmb,2016,576
zmb,2017,416
zmb,2018,509
zwe,1975,15300
zwe,1976,31220
zwe,1977,76520
zwe,1978,174760
zwe,1979,197640
zwe,1980,250160
zwe,1981,190
zwe,1983,3200
zwe,1984,3760
zwe,1985,4250
zwe,1986,3910
zwe,1987,3830
zwe,1988,1117
zwe,1989,3
zwe,1990,4
zwe,1991,128
zwe,1992,9
zwe,1993,17
zwe,1994,42
zwe,1995,36
zwe,1996,34
zwe,1997,38
zwe,1998,42
zwe,1999,43
zwe,2000,318
zwe,2001,2956
zwe,2002,5191
zwe,2003,10633
zwe,2004,18982
zwe,2005,28577
zwe,2006,13997
zwe,2007,48707
zwe,2008,51639
zwe,2009,23872
zwe,2010,25285
zwe,2011,116084
zwe,2012,121800
zwe,2013,121810
zwe,2014,65097
zwe,2015,78901
zwe,2016,61526
zwe,2017,39367
zwe,2018,32821